Date,IC
9/29/2017,43.02
9/28/2017,44.6
9/27/2017,44.48
9/26/2017,46.84
9/25/2017,42.63
9/22/2017,44.89
9/21/2017,44.32
9/20/2017,41.97
9/19/2017,43.23
9/18/2017,40.83
9/15/2017,43.8
9/14/2017,44.83
9/13/2017,45.46
9/12/2017,46.34
9/11/2017,46.74
9/8/2017,39.44
9/7/2017,47.74
9/6/2017,47.44
9/5/2017,47.93
9/1/2017,47.44
8/31/2017,31.96
8/30/2017,34.88
8/29/2017,32.8
8/28/2017,34.99
8/25/2017,35.39
8/24/2017,36.88
8/23/2017,30.48
8/22/2017,32.84
8/21/2017,39.53
8/18/2017,42.73
8/17/2017,36.11
8/16/2017,32.72
8/15/2017,33.16
8/14/2017,33.38
8/11/2017,41.53
8/10/2017,41.38
8/9/2017,31.42
8/8/2017,31.15
8/7/2017,31.69
8/4/2017,30.33
8/3/2017,30.26
8/2/2017,27.45
8/1/2017,25.65
7/31/2017,29.78
7/28/2017,28.35
7/27/2017,28.03
7/26/2017,28.13
7/25/2017,25.66
7/24/2017,28.94
7/21/2017,27.7
7/20/2017,26.9
7/19/2017,29.74
7/18/2017,31.01
7/17/2017,23.98
7/14/2017,28.01
7/13/2017,33.46
7/12/2017,31.04
7/11/2017,33.81
7/10/2017,36.01
7/7/2017,37.19
7/6/2017,38
7/5/2017,35.26
7/3/2017,36.08
6/30/2017,34.06
6/29/2017,35.14
6/28/2017,32.83
6/27/2017,34.34
6/26/2017,33.07
6/23/2017,34.55
6/22/2017,35.43
6/21/2017,35.68
6/20/2017,36.19
6/19/2017,35.99
6/16/2017,37.34
6/15/2017,36.31
6/14/2017,37.77
6/13/2017,38.08
6/12/2017,37.04
6/9/2017,38.19
6/8/2017,38.8
6/7/2017,40.87
6/6/2017,40.89
6/5/2017,38.78
6/2/2017,36.67
6/1/2017,41.06
5/31/2017,39.24
5/30/2017,40.8
5/26/2017,40.37
5/25/2017,38.5
5/24/2017,38.83
5/23/2017,39.76
5/22/2017,40.16
5/19/2017,41.96
5/18/2017,45.79
5/17/2017,47.77
5/16/2017,39.37
5/15/2017,38.49
5/12/2017,42.06
5/11/2017,41.64
5/10/2017,39.86
5/9/2017,40.07
5/8/2017,40.12
5/5/2017,42.07
5/4/2017,43.23
5/3/2017,45.03
5/2/2017,40.25
5/1/2017,41.82
4/28/2017,43.15
4/27/2017,42.23
4/26/2017,42
4/25/2017,41.7
4/24/2017,41.7
4/21/2017,44.31
4/20/2017,45.71
4/19/2017,47.44
4/18/2017,45.82
4/17/2017,46.25
4/13/2017,47.71
4/12/2017,46.53
4/11/2017,46.63
4/10/2017,47.24
4/7/2017,45.09
4/6/2017,45.92
4/5/2017,44.8
4/4/2017,43.71
4/3/2017,44.27
3/31/2017,44.38
3/30/2017,43.52
3/29/2017,44.73
3/28/2017,45.37
3/27/2017,46.23
3/24/2017,47.75
3/23/2017,48.51
3/22/2017,47.74
3/21/2017,48.86
3/20/2017,46.23
3/17/2017,45.58
3/16/2017,44.8
3/15/2017,46.67
3/14/2017,47.48
3/13/2017,46.85
3/10/2017,45.97
3/9/2017,47.63
3/8/2017,45.55
3/7/2017,47.09
3/6/2017,44.83
3/3/2017,44.98
3/2/2017,45.67
3/1/2017,45.97
2/28/2017,46.91
2/27/2017,46.81
2/24/2017,46.07
2/23/2017,46.58
2/22/2017,45.17
2/21/2017,44.38
2/17/2017,44.4
2/16/2017,45.78
2/15/2017,43.05
2/14/2017,45.31
2/13/2017,45.52
2/10/2017,47.47
2/9/2017,50.79
2/8/2017,47.12
2/7/2017,45.97
2/6/2017,47.5
2/3/2017,47.74
2/2/2017,46.31
2/1/2017,45.6
1/31/2017,46.84
1/30/2017,48.08
1/27/2017,42.49
1/26/2017,45.79
1/25/2017,46.67
1/24/2017,46.95
1/23/2017,48.08
1/20/2017,50.23
1/19/2017,48.31
1/18/2017,47.09
1/17/2017,47.34
1/13/2017,47.52
1/12/2017,46.8
1/11/2017,46.05
1/10/2017,45.42
1/9/2017,47.33
1/6/2017,50.25
1/5/2017,46.75
1/4/2017,46.58
1/3/2017,49.16
12/30/2016,51.28
12/29/2016,51.62
12/28/2016,49.31
12/27/2016,49.32
12/23/2016,49.2
12/22/2016,48.58
12/21/2016,50.02
12/20/2016,53.91
12/19/2016,51.22
12/16/2016,50.44
12/15/2016,49.13
12/14/2016,50.8
12/13/2016,51.13
12/12/2016,51.35
12/9/2016,51.38
12/8/2016,48.09
12/7/2016,50.43
12/6/2016,48.14
12/5/2016,51.8
12/2/2016,53
12/1/2016,55.2
11/30/2016,49.88
11/29/2016,56.21
11/28/2016,56.07
11/25/2016,53.53
11/23/2016,53.26
11/22/2016,55.59
11/21/2016,52.14
11/18/2016,52.76
11/17/2016,51.14
11/16/2016,51.08
11/15/2016,53.2
11/14/2016,49.46
11/11/2016,53.19
11/10/2016,53.35
11/9/2016,53.2
11/8/2016,57.7
11/7/2016,56.4
11/4/2016,60.62
11/3/2016,58.38
11/2/2016,60.39
11/1/2016,60.01
10/31/2016,59.1
10/28/2016,58.65
10/27/2016,59.83
10/26/2016,58.41
10/25/2016,57.19
10/24/2016,56.18
10/21/2016,56.32
10/20/2016,56.38
10/19/2016,56.85
10/18/2016,57.95
10/17/2016,58.42
10/14/2016,58.01
10/13/2016,57.94
10/12/2016,57.17
10/11/2016,56.75
10/10/2016,56.37
10/7/2016,56.04
10/6/2016,55.19
10/5/2016,56.55
10/4/2016,56.8
10/3/2016,56.77
9/30/2016,57.6
9/29/2016,57.62
9/28/2016,57.13
9/27/2016,57.75
9/26/2016,59.62
9/23/2016,57.52
9/22/2016,56.83
9/21/2016,56.89
9/20/2016,60.24
9/19/2016,59.75
9/16/2016,58.94
9/15/2016,60.09
9/14/2016,62.04
9/13/2016,60.81
9/12/2016,60.04
9/9/2016,63.29
9/8/2016,58.81
9/7/2016,57.33
9/6/2016,57.79
9/2/2016,58.55
9/1/2016,58.9
8/31/2016,46.7
8/30/2016,46.11
8/29/2016,45.56
8/26/2016,46.19
8/25/2016,45.59
8/24/2016,46.19
8/23/2016,44.47
8/22/2016,44.91
8/19/2016,43.48
8/18/2016,44.32
8/17/2016,45.37
8/16/2016,46.56
8/15/2016,44.66
8/12/2016,44.46
8/11/2016,44.38
8/10/2016,44.21
8/9/2016,43.45
8/8/2016,42.83
8/5/2016,43.9
8/4/2016,46.53
8/3/2016,48.33
8/2/2016,49.24
8/1/2016,47.03
7/29/2016,47.5
7/28/2016,49.41
7/27/2016,49.61
7/26/2016,49.97
7/25/2016,50.57
7/22/2016,49.77
7/21/2016,50.18
7/20/2016,48.4
7/19/2016,47.7
7/18/2016,48.33
7/15/2016,49.33
7/14/2016,47.42
7/13/2016,46.67
7/12/2016,47.39
7/11/2016,49.91
7/8/2016,49.96
7/7/2016,51.78
7/6/2016,52.71
7/5/2016,53.37
7/1/2016,54.2
6/30/2016,55.33
6/29/2016,55.46
6/28/2016,57.88
6/27/2016,64.28
6/24/2016,66.48
6/23/2016,54.65
6/22/2016,60.15
6/21/2016,58.05
6/20/2016,57.05
6/17/2016,59.21
6/16/2016,56.41
6/15/2016,59.31
6/14/2016,59.51
6/13/2016,62.19
6/10/2016,56.86
6/9/2016,54.27
6/8/2016,53.15
6/7/2016,53.84
6/6/2016,52.51
6/3/2016,52.84
6/2/2016,51.99
6/1/2016,52.86
5/31/2016,53.2
5/27/2016,52.05
5/26/2016,53.21
5/25/2016,53.61
5/24/2016,54.34
5/23/2016,57.86
5/20/2016,57.16
5/19/2016,56.37
5/18/2016,56.03
5/17/2016,55.47
5/16/2016,53.39
5/13/2016,54.07
5/12/2016,53.57
5/11/2016,55.44
5/10/2016,52.97
5/9/2016,53.98
5/6/2016,54.66
5/5/2016,56.57
5/4/2016,56.43
5/3/2016,56.77
5/2/2016,54.53
4/29/2016,56.48
4/28/2016,54.97
4/27/2016,54.32
4/26/2016,53.31
4/25/2016,55.57
4/22/2016,54.98
4/21/2016,56.23
4/20/2016,55.44
4/19/2016,54.77
4/18/2016,54.96
4/15/2016,55.61
4/14/2016,56.63
4/13/2016,55.8
4/12/2016,57.01
4/11/2016,59.84
4/8/2016,57.57
4/7/2016,57.43
4/6/2016,54.47
4/5/2016,57.68
4/4/2016,55.13
4/1/2016,52.97
3/31/2016,54.6
3/30/2016,54.56
3/29/2016,54.09
3/28/2016,55.7
3/24/2016,55.86
3/23/2016,57.02
3/22/2016,56.9
3/21/2016,58.38
3/18/2016,59.13
3/17/2016,57.82
3/16/2016,58.13
3/15/2016,58.95
3/14/2016,58.7
3/11/2016,59.39
3/10/2016,60.09
3/9/2016,60.15
3/8/2016,60.5
3/7/2016,58.19
3/4/2016,58.18
3/3/2016,57.12
3/2/2016,57.26
3/1/2016,57.8
2/29/2016,61.47
2/26/2016,60.48
2/25/2016,59.17
2/24/2016,62.36
2/23/2016,63.26
2/22/2016,61.29
2/19/2016,62.26
2/18/2016,62.59
2/17/2016,64.29
2/16/2016,63.96
2/12/2016,65.38
2/11/2016,64.44
2/10/2016,64.24
2/9/2016,63.58
2/8/2016,63.43
2/5/2016,62.95
2/4/2016,63.1
2/3/2016,60.43
2/2/2016,61.58
2/1/2016,61.07
1/29/2016,59.69
1/28/2016,62.87
1/27/2016,64.98
1/26/2016,62.87
1/25/2016,64.25
1/22/2016,63.77
1/21/2016,64.57
1/20/2016,62.21
1/19/2016,64.1
1/15/2016,62.73
1/14/2016,61.23
1/13/2016,64.1
1/12/2016,61.24
1/11/2016,62.32
1/8/2016,64.42
1/7/2016,62.17
1/6/2016,60.08
1/5/2016,59.56
1/4/2016,60.8
12/31/2015,59.01
12/30/2015,58.95
12/29/2015,56.99
12/28/2015,57.57
12/24/2015,58.92
12/23/2015,58.05
12/22/2015,58.07
12/21/2015,60.45
12/18/2015,61.08
12/17/2015,61.73
12/16/2015,56.82
12/15/2015,57.99
12/14/2015,58.65
12/11/2015,61.08
12/10/2015,59.41
12/9/2015,59.17
12/8/2015,58.09
12/7/2015,56.17
12/4/2015,55.73
12/3/2015,57.78
12/2/2015,57.03
12/1/2015,55.43
11/30/2015,57.83
11/27/2015,56.83
11/25/2015,57.48
11/24/2015,57.16
11/23/2015,57.16
11/20/2015,56.17
11/19/2015,57.79
11/18/2015,54.75
11/17/2015,56.68
11/16/2015,57.88
11/13/2015,59.98
11/12/2015,57.74
11/11/2015,56.25
11/10/2015,54.3
11/9/2015,56.79
11/6/2015,56.01
11/5/2015,57.28
11/4/2015,57.52
11/3/2015,55.63
11/2/2015,56.23
10/30/2015,58.58
10/29/2015,58.49
10/28/2015,57.5
10/27/2015,59.25
10/26/2015,58.44
10/23/2015,59.93
10/22/2015,59.82
10/21/2015,62.3
10/20/2015,62.33
10/19/2015,59.76
10/16/2015,61.34
10/15/2015,61.33
10/14/2015,65.04
10/13/2015,63.63
10/12/2015,60.07
10/9/2015,60.68
10/8/2015,59.32
10/7/2015,60.41
10/6/2015,61.63
10/5/2015,60.28
10/2/2015,61.39
10/1/2015,62.19
9/30/2015,65.3
9/29/2015,63.67
9/28/2015,66.66
9/25/2015,64.81
9/24/2015,65.25
9/23/2015,62.3
9/22/2015,63.69
9/21/2015,63.64
9/18/2015,64.2
9/17/2015,62.58
9/16/2015,61.87
9/15/2015,62.89
9/14/2015,65.22
9/11/2015,63.4
9/10/2015,64.79
9/9/2015,64.75
9/8/2015,63.41
9/4/2015,63.97
9/3/2015,64.38
9/2/2015,61.47
9/1/2015,63.33
8/31/2015,65.12
8/28/2015,59.31
8/27/2015,57.15
8/26/2015,58.78
8/25/2015,61.67
8/24/2015,67.92
8/21/2015,55.5
8/20/2015,52.8
8/19/2015,47.59
8/18/2015,44.87
8/17/2015,42.46
8/14/2015,44.47
8/13/2015,44.83
8/12/2015,44.75
8/11/2015,45.06
8/10/2015,42.65
8/7/2015,43.58
8/6/2015,44.28
8/5/2015,44.17
8/4/2015,47.53
8/3/2015,45.58
7/31/2015,45.58
7/30/2015,44.82
7/29/2015,44.78
7/28/2015,45.87
7/27/2015,50.93
7/24/2015,47.58
7/23/2015,46.35
7/22/2015,46.47
7/21/2015,45.69
7/20/2015,46.1
7/17/2015,46.83
7/16/2015,49.02
7/15/2015,51.07
7/14/2015,51.43
7/13/2015,50.49
7/10/2015,56.52
7/9/2015,62.42
7/8/2015,59.86
7/7/2015,54.37
7/6/2015,59.15
7/2/2015,57.79
7/1/2015,55.08
6/30/2015,59.08
6/29/2015,60.35
6/26/2015,52.71
6/25/2015,54.54
6/24/2015,54.57
6/23/2015,51.95
6/22/2015,53.96
6/19/2015,57.96
6/18/2015,52.69
6/17/2015,54.14
6/16/2015,54.15
6/15/2015,55.41
6/12/2015,52.42
6/11/2015,50.78
6/10/2015,51.57
6/9/2015,55.42
6/8/2015,56.33
6/5/2015,54.92
6/4/2015,54.06
6/3/2015,52.39
6/2/2015,53.34
6/1/2015,52.04
5/29/2015,52.7
5/28/2015,50.91
5/27/2015,50.18
5/26/2015,52.51
5/22/2015,50.47
5/21/2015,51.03
5/20/2015,52.61
5/19/2015,53.7
5/18/2015,54.58
5/15/2015,54.42
5/14/2015,54.13
5/13/2015,55.57
5/12/2015,55.75
5/11/2015,57.57
5/8/2015,54.9
5/7/2015,56.44
5/6/2015,57.52
5/5/2015,57.36
5/4/2015,54.39
5/1/2015,52.62
4/30/2015,55.3
4/29/2015,54.18
4/28/2015,53.86
4/27/2015,55.36
4/24/2015,55.75
4/23/2015,56.14
4/22/2015,55.48
4/21/2015,56.53
4/20/2015,57.36
4/17/2015,57.14
4/16/2015,55.9
4/15/2015,55.48
4/14/2015,55.33
4/13/2015,55.72
4/10/2015,52.76
4/9/2015,54.4
4/8/2015,56.4
4/7/2015,58.33
4/6/2015,53.21
4/2/2015,63.3
4/1/2015,58.11
3/31/2015,59.96
3/30/2015,57.55
3/27/2015,58.38
3/26/2015,58.53
3/25/2015,60.44
3/24/2015,58.51
3/23/2015,57.67
3/20/2015,55.65
3/19/2015,55.74
3/18/2015,52.98
3/17/2015,56.15
3/16/2015,55.33
3/13/2015,57.96
3/12/2015,56.05
3/11/2015,58.69
3/10/2015,57.57
3/9/2015,54.93
3/6/2015,54.81
3/5/2015,51.87
3/4/2015,52.48
3/3/2015,53.19
3/2/2015,51.88
2/27/2015,53.8
2/26/2015,53.18
2/25/2015,53.72
2/24/2015,52.93
2/23/2015,55.01
2/20/2015,54.11
2/19/2015,56.52
2/18/2015,56.84
2/17/2015,56.84
2/13/2015,56.17
2/12/2015,56.31
2/11/2015,59.11
2/10/2015,60.54
2/9/2015,63.46
2/6/2015,61.64
2/5/2015,59.73
2/4/2015,60.07
2/3/2015,57.32
2/2/2015,61.09
1/30/2015,60.47
1/29/2015,60.47
1/28/2015,62.73
1/27/2015,60.21
1/26/2015,58.7
1/23/2015,61.25
1/22/2015,59.21
1/21/2015,60.82
1/20/2015,61.49
1/16/2015,61.59
1/15/2015,59.86
1/14/2015,59.21
1/13/2015,60.49
1/12/2015,59.57
1/9/2015,58.1
1/8/2015,56.75
1/7/2015,57.44
1/6/2015,60.54
1/5/2015,59.97
1/2/2015,60.62
12/31/2014,62.74
12/30/2014,59.25
12/29/2014,58.22
12/26/2014,58
12/24/2014,58.67
12/23/2014,57.94
12/22/2014,57.13
12/19/2014,57.51
12/18/2014,56.08
12/17/2014,58.73
12/16/2014,67.04
12/15/2014,60.04
12/12/2014,61.95
12/11/2014,64.41
12/10/2014,59.88
12/9/2014,56.82
12/8/2014,58.66
12/5/2014,56.28
12/4/2014,56.61
12/3/2014,56.95
12/2/2014,57.91
12/1/2014,59.63
11/28/2014,60.77
11/26/2014,60.29
11/25/2014,59.48
11/24/2014,59.31
11/21/2014,60.49
11/20/2014,59.74
11/19/2014,59.23
11/18/2014,58.48
11/17/2014,59.85
11/14/2014,65.37
11/13/2014,65.35
11/12/2014,63.92
11/11/2014,63.18
11/10/2014,62.86
11/7/2014,63.56
11/6/2014,64.13
11/5/2014,66.87
11/4/2014,67.87
11/3/2014,66.91
10/31/2014,65.44
10/30/2014,65.97
10/29/2014,66.19
10/28/2014,65.2
10/27/2014,66.51
10/24/2014,67.39
10/23/2014,68.82
10/22/2014,69.55
10/21/2014,66.4
10/20/2014,67.74
10/17/2014,69.76
10/16/2014,68.12
10/15/2014,71.34
10/14/2014,68.87
10/13/2014,72.87
10/10/2014,68.92
10/9/2014,65.11
10/8/2014,62.54
10/7/2014,66.6
10/6/2014,65.04
10/3/2014,64.22
10/2/2014,66.42
10/1/2014,66.75
9/30/2014,66.54
9/29/2014,66.44
9/26/2014,63.92
9/25/2014,64.43
9/24/2014,62.93
9/23/2014,66.05
9/22/2014,64.55
9/19/2014,61.88
9/18/2014,60.61
9/17/2014,61.17
9/16/2014,60.93
9/15/2014,62.73
9/12/2014,63.01
9/11/2014,61.86
9/10/2014,61.87
9/9/2014,62.69
9/8/2014,61.76
9/5/2014,60.63
9/4/2014,62.59
9/3/2014,63.16
9/2/2014,62.7
8/29/2014,53.33
8/28/2014,52.03
8/27/2014,50.73
8/26/2014,49.81
8/25/2014,48.78
8/22/2014,44.85
8/21/2014,49.58
8/20/2014,49.28
8/19/2014,49.35
8/18/2014,48.96
8/15/2014,50.65
8/14/2014,50.2
8/13/2014,51.26
8/12/2014,55.2
8/11/2014,55.39
8/8/2014,57.69
8/7/2014,59.67
8/6/2014,59.34
8/5/2014,60.52
8/4/2014,56.5
8/1/2014,60.34
7/31/2014,60.9
7/30/2014,54.96
7/29/2014,56.7
7/28/2014,55.04
7/25/2014,55.74
7/24/2014,54.29
7/23/2014,53.44
7/22/2014,52.59
7/21/2014,52.12
7/18/2014,49.9
7/17/2014,54.16
7/16/2014,47.36
7/15/2014,50.74
7/14/2014,48.75
7/11/2014,50.38
7/10/2014,51.57
7/9/2014,48.98
7/8/2014,49.83
7/7/2014,48.72
7/3/2014,45.87
7/2/2014,46.58
7/1/2014,49.32
6/30/2014,48.79
6/27/2014,49.83
6/26/2014,50.35
6/25/2014,50.6
6/24/2014,51.96
6/23/2014,50.09
6/20/2014,48.39
6/19/2014,46.43
6/18/2014,48.07
6/17/2014,51.69
6/16/2014,53.23
6/13/2014,52.94
6/12/2014,54.18
6/11/2014,51.41
6/10/2014,50.1
6/9/2014,52.21
6/6/2014,48.25
6/5/2014,51.27
6/4/2014,52.91
6/3/2014,54.63
6/2/2014,55.49
5/30/2014,55.24
5/29/2014,54.4
5/28/2014,55.17
5/27/2014,55.51
5/23/2014,56.57
5/22/2014,57.1
5/21/2014,55.63
5/20/2014,57.41
5/19/2014,56.19
5/16/2014,55.62
5/15/2014,58.51
5/14/2014,56.55
5/13/2014,55.25
5/12/2014,54.84
5/9/2014,56.53
5/8/2014,56.88
5/7/2014,56.46
5/6/2014,57.62
5/5/2014,57.44
5/2/2014,57.13
5/1/2014,55.51
4/30/2014,54.77
4/29/2014,55.3
4/28/2014,55.87
4/25/2014,58.39
4/24/2014,57.22
4/23/2014,56.59
4/22/2014,56.4
4/21/2014,57.1
4/17/2014,56.46
4/16/2014,55.26
4/15/2014,56.19
4/14/2014,57.81
4/11/2014,58.06
4/10/2014,55.97
4/9/2014,52.42
4/8/2014,56.01
4/7/2014,55.91
4/4/2014,53.48
4/3/2014,51.92
4/2/2014,52.99
4/1/2014,52.4
3/31/2014,54.04
3/28/2014,54.76
3/27/2014,55.84
3/26/2014,57.17
3/25/2014,54.15
3/24/2014,55.52
3/21/2014,54.34
3/20/2014,52.42
3/19/2014,53.8
3/18/2014,53.67
3/17/2014,55.29
3/14/2014,59.02
3/13/2014,56.96
3/12/2014,54.82
3/11/2014,55.51
3/10/2014,54.26
3/7/2014,54.14
3/6/2014,54.42
3/5/2014,53.35
3/4/2014,53.28
3/3/2014,56.02
2/28/2014,54.4
2/27/2014,52.93
2/26/2014,54.04
2/25/2014,52.03
2/24/2014,52.43
2/21/2014,51.61
2/20/2014,53.28
2/19/2014,54.23
2/18/2014,51.03
2/14/2014,50.8
2/13/2014,51.63
2/12/2014,51.44
2/11/2014,51.26
2/10/2014,52.37
2/7/2014,52.78
2/6/2014,55.33
2/5/2014,60.7
2/4/2014,60.16
2/3/2014,62.18
1/31/2014,59.35
1/30/2014,57.72
1/29/2014,57.08
1/28/2014,55.88
1/27/2014,58.51
1/24/2014,57.37
1/23/2014,52.19
1/22/2014,52.27
1/21/2014,50.04
1/17/2014,51.56
1/16/2014,52.09
1/15/2014,50.66
1/14/2014,49.58
1/13/2014,51.25
1/10/2014,48.82
1/9/2014,50.22
1/8/2014,49.94
1/7/2014,49.93
1/6/2014,50.51
1/3/2014,51.67
1/2/2014,50.95
12/31/2013,49.79
12/30/2013,50.63
12/27/2013,49.24
12/26/2013,50.15
12/24/2013,50.29
12/23/2013,50.53
12/20/2013,51.42
12/19/2013,52.48
12/18/2013,51.06
12/17/2013,54.31
12/16/2013,53.71
12/13/2013,53.35
12/12/2013,51.74
12/11/2013,52.58
12/10/2013,51.21
12/9/2013,50.55
12/6/2013,50.08
12/5/2013,52.71
12/4/2013,54.39
12/3/2013,54.7
12/2/2013,54.57
11/29/2013,54.28
11/27/2013,54
11/26/2013,55.04
11/25/2013,55.28
11/22/2013,54.45
11/21/2013,56.44
11/20/2013,58.55
11/19/2013,59.44
11/18/2013,58.23
11/15/2013,57.23
11/14/2013,56.75
11/13/2013,57.7
11/12/2013,58.72
11/11/2013,56.98
11/8/2013,57.4
11/7/2013,58.13
11/6/2013,56.3
11/5/2013,56.84
11/4/2013,55.67
11/1/2013,56.39
10/31/2013,55.27
10/30/2013,55.34
10/29/2013,55.64
10/28/2013,54.62
10/25/2013,53.72
10/24/2013,53.61
10/23/2013,53.44
10/22/2013,53.86
10/21/2013,52.42
10/18/2013,54
10/17/2013,53.12
10/16/2013,53.63
10/15/2013,56.41
10/14/2013,53.26
10/11/2013,53.27
10/10/2013,55.21
10/9/2013,57.68
10/8/2013,58.68
10/7/2013,58.02
10/4/2013,54.98
10/3/2013,56.08
10/2/2013,54.43
10/1/2013,54.45
9/30/2013,55.72
9/27/2013,54.82
9/26/2013,54.26
9/25/2013,55.03
9/24/2013,55.85
9/23/2013,55.73
9/20/2013,55.66
9/19/2013,54.14
9/18/2013,53.16
9/17/2013,53.48
9/16/2013,53.08
9/13/2013,53.68
9/12/2013,54.21
9/11/2013,53.85
9/10/2013,54.94
9/9/2013,56.43
9/6/2013,57.47
9/5/2013,58.7
9/4/2013,58.15
9/3/2013,58.65
8/30/2013,54.59
8/29/2013,55.38
8/28/2013,54.66
8/27/2013,54.53
8/26/2013,51.04
8/23/2013,48.72
8/22/2013,49.9
8/21/2013,53.87
8/20/2013,51.98
8/19/2013,52.16
8/16/2013,50.44
8/15/2013,52.06
8/14/2013,49.18
8/13/2013,48
8/12/2013,49.23
8/9/2013,50.98
8/8/2013,48.26
8/7/2013,48.41
8/6/2013,48.24
8/5/2013,45.86
8/2/2013,46.79
8/1/2013,47.27
7/31/2013,48.69
7/30/2013,48.59
7/29/2013,50.14
7/26/2013,49.95
7/25/2013,51.77
7/24/2013,52.48
7/23/2013,51
7/22/2013,49.97
7/19/2013,51.36
7/18/2013,53.34
7/17/2013,52.89
7/16/2013,54.17
7/15/2013,52.58
7/12/2013,52.76
7/11/2013,52.51
7/10/2013,50.35
7/9/2013,50.85
7/8/2013,51.86
7/5/2013,52.73
7/3/2013,56.35
7/2/2013,56.01
7/1/2013,58.05
6/28/2013,58.05
6/27/2013,59.32
6/26/2013,59.2
6/25/2013,60.36
6/24/2013,61.32
6/21/2013,57.62
6/20/2013,59.15
6/19/2013,55.94
6/18/2013,56.22
6/17/2013,55.78
6/14/2013,56.6
6/13/2013,54.97
6/12/2013,59.3
6/11/2013,56.2
6/10/2013,52.55
6/7/2013,52.67
6/6/2013,52.65
6/5/2013,55.07
6/4/2013,54.44
6/3/2013,55.02
5/31/2013,55.15
5/30/2013,52.88
5/29/2013,53.41
5/28/2013,53.85
5/24/2013,53.74
5/23/2013,55.21
5/22/2013,54.88
5/21/2013,56.7
5/20/2013,55.93
5/17/2013,56.74
5/16/2013,57.21
5/15/2013,56.75
5/14/2013,56.46
5/13/2013,56.09
5/10/2013,56.71
5/9/2013,55.34
5/8/2013,52.51
5/7/2013,51.8
5/6/2013,51.5
5/3/2013,52.04
5/2/2013,52.75
5/1/2013,54.14
4/30/2013,51.52
4/29/2013,51.92
4/26/2013,52.79
4/25/2013,51.65
4/24/2013,51.83
4/23/2013,51.06
4/22/2013,55.11
4/19/2013,56.01
4/18/2013,58.28
4/17/2013,56.05
4/16/2013,52.83
4/15/2013,58.06
4/12/2013,51.59
4/11/2013,50.97
4/10/2013,51.27
4/9/2013,52.97
4/8/2013,52.76
4/5/2013,55.49
4/4/2013,56.08
4/3/2013,57.61
4/2/2013,55.93
4/1/2013,57.56
3/28/2013,55.79
3/27/2013,55.71
3/26/2013,54.84
3/25/2013,54.82
3/22/2013,55.18
3/21/2013,55.7
3/20/2013,55.16
3/19/2013,57.16
3/18/2013,58.04
3/15/2013,55.49
3/14/2013,53.63
3/13/2013,54.96
3/12/2013,55.75
3/11/2013,54.62
3/8/2013,55.44
3/7/2013,55.11
3/6/2013,56.03
3/5/2013,55.44
3/4/2013,55.98
3/1/2013,59.94
2/28/2013,60.02
2/27/2013,59.23
2/26/2013,60.98
2/25/2013,63.86
2/22/2013,58.24
2/21/2013,60.07
2/20/2013,60.73
2/19/2013,57.46
2/15/2013,57.77
2/14/2013,57.78
2/13/2013,58.61
2/12/2013,57.54
2/11/2013,57.03
2/8/2013,57.61
2/7/2013,58.88
2/6/2013,60.24
2/5/2013,61.12
2/4/2013,62.57
2/1/2013,60.42
1/31/2013,62.87
1/30/2013,61.42
1/29/2013,59.54
1/28/2013,60.84
1/25/2013,61.41
1/24/2013,61.6
1/23/2013,60.44
1/22/2013,60.84
1/18/2013,62.49
1/17/2013,62.63
1/16/2013,63.08
1/15/2013,63.01
1/14/2013,62.16
1/11/2013,61.41
1/10/2013,61.07
1/9/2013,63.61
1/8/2013,62.87
1/7/2013,62.01
1/4/2013,61.39
1/3/2013,61.61
1/2/2013,59.76
12/31/2012,60.84
12/28/2012,71.38
12/27/2012,68.15
12/26/2012,68.74
12/24/2012,67.56
12/21/2012,65.59
12/20/2012,64.58
12/19/2012,65.8
12/18/2012,62.99
12/17/2012,64.86
12/14/2012,65.78
12/13/2012,65.92
12/12/2012,65.87
12/11/2012,63.81
12/10/2012,62.3
12/7/2012,63.33
12/6/2012,63.83
12/5/2012,63.83
12/4/2012,65.12
12/3/2012,64.16
11/30/2012,62.64
11/29/2012,61.71
11/28/2012,62.58
11/27/2012,63.81
11/26/2012,62.47
11/23/2012,62.03
11/21/2012,63.02
11/20/2012,61.54
11/19/2012,61.89
11/16/2012,63.48
11/15/2012,66.53
11/14/2012,67.19
11/13/2012,65.76
11/12/2012,65.16
11/9/2012,67.12
11/8/2012,66.32
11/7/2012,66.6
11/6/2012,63.09
11/5/2012,64.72
11/2/2012,63.85
11/1/2012,62.95
10/31/2012,67.22
10/26/2012,65.66
10/25/2012,65.39
10/24/2012,67.76
10/23/2012,67.01
10/22/2012,64.24
10/19/2012,65.2
10/18/2012,61.91
10/17/2012,61.21
10/16/2012,61.39
10/15/2012,61.68
10/12/2012,63.23
10/11/2012,63.1
10/10/2012,65.16
10/9/2012,65.88
10/8/2012,64.83
10/5/2012,64.25
10/4/2012,66.02
10/3/2012,66.76
10/2/2012,67.36
10/1/2012,67.69
9/28/2012,67.38
9/27/2012,67.19
9/26/2012,70.15
9/25/2012,68.19
9/24/2012,66.29
9/21/2012,68.12
9/20/2012,66.47
9/19/2012,65.07
9/18/2012,64.97
9/17/2012,65.92
9/14/2012,66.21
9/13/2012,62.76
9/12/2012,66.27
9/11/2012,67.61
9/10/2012,67.74
9/7/2012,67.85
9/6/2012,68.64
9/5/2012,68.16
9/4/2012,69.86
8/31/2012,60.9
8/30/2012,62.41
8/29/2012,63.26
8/28/2012,60.91
8/27/2012,61.72
8/24/2012,58.71
8/23/2012,62.2
8/22/2012,60.1
8/21/2012,61.29
8/20/2012,60.44
8/17/2012,60.33
8/16/2012,61.98
8/15/2012,65.18
8/14/2012,63.12
8/13/2012,61.69
8/10/2012,64.14
8/9/2012,63.14
8/8/2012,64.06
8/7/2012,65.24
8/6/2012,65.12
8/3/2012,64.32
8/2/2012,66.17
8/1/2012,69.65
7/31/2012,70.76
7/30/2012,69.21
7/27/2012,66.85
7/26/2012,64.55
7/25/2012,70.6
7/24/2012,72.21
7/23/2012,70.03
7/20/2012,67.4
7/19/2012,64.39
7/18/2012,65.96
7/17/2012,63.97
7/16/2012,66.13
7/13/2012,65.4
7/12/2012,67.51
7/11/2012,66.34
7/10/2012,68.1
7/9/2012,66.61
7/6/2012,66.01
7/5/2012,67.61
7/3/2012,63.51
7/2/2012,64.68
6/29/2012,64.05
6/28/2012,68.37
6/27/2012,68.64
6/26/2012,68.75
6/25/2012,71.59
6/22/2012,69.18
6/21/2012,72.33
6/20/2012,67.58
6/19/2012,69.57
6/18/2012,67.31
6/15/2012,70.32
6/14/2012,70.07
6/13/2012,74.97
6/12/2012,71.86
6/11/2012,74.25
6/8/2012,68.45
6/7/2012,71.05
6/6/2012,69.26
6/5/2012,71.28
6/4/2012,72.67
6/1/2012,73.32
5/31/2012,70.79
5/30/2012,71.25
5/29/2012,66.6
5/25/2012,68.52
5/24/2012,66.91
5/23/2012,69.99
5/22/2012,71.75
5/21/2012,70.13
5/18/2012,72.56
5/17/2012,70.74
5/16/2012,69.6
5/15/2012,70.05
5/14/2012,70.17
5/11/2012,68.98
5/10/2012,66.02
5/9/2012,67.09
5/8/2012,66.37
5/7/2012,66.7
5/4/2012,68.05
5/3/2012,65.19
5/2/2012,64.36
5/1/2012,64.17
4/30/2012,63.94
4/27/2012,63
4/26/2012,62.89
4/25/2012,63.91
4/24/2012,67.64
4/23/2012,69.65
4/20/2012,66
4/19/2012,66.16
4/18/2012,65.42
4/17/2012,64.41
4/16/2012,67.38
4/13/2012,66.17
4/12/2012,62.07
4/11/2012,68.54
4/10/2012,68.14
4/9/2012,66.64
4/5/2012,64.35
4/4/2012,63.36
4/3/2012,61.39
4/2/2012,62.32
3/30/2012,61.09
3/29/2012,61.15
3/28/2012,60.97
3/27/2012,62.34
3/26/2012,58.26
3/23/2012,62.36
3/22/2012,64.06
3/21/2012,65.36
3/20/2012,66.2
3/19/2012,66.91
3/16/2012,68.34
3/15/2012,67.31
3/14/2012,67.56
3/13/2012,66.65
3/12/2012,68.68
3/9/2012,68.99
3/8/2012,70.09
3/7/2012,72.17
3/6/2012,73.61
3/5/2012,71.33
3/2/2012,70.67
3/1/2012,69.56
2/29/2012,72.77
2/28/2012,72.03
2/27/2012,72.26
2/24/2012,71.39
2/23/2012,70.73
2/22/2012,72.74
2/21/2012,71.96
2/17/2012,71.35
2/16/2012,70.12
2/15/2012,73.33
2/14/2012,72.17
2/13/2012,71.51
2/10/2012,73.15
2/9/2012,73.85
2/8/2012,73.08
2/7/2012,71.73
2/6/2012,71.14
2/3/2012,70.88
2/2/2012,72.33
2/1/2012,74.79
1/31/2012,75.53
1/30/2012,74.49
1/27/2012,73.79
1/26/2012,74.74
1/25/2012,75.34
1/24/2012,76.44
1/23/2012,75.82
1/20/2012,76.29
1/19/2012,76.5
1/18/2012,77.24
1/17/2012,78.75
1/13/2012,76.58
1/12/2012,76.76
1/11/2012,76.65
1/10/2012,75.97
1/9/2012,76.46
1/6/2012,75.05
1/5/2012,75.03
1/4/2012,75.73
1/3/2012,78.73
12/30/2011,78.4
12/29/2011,79.26
12/28/2011,80.42
12/27/2011,79.31
12/23/2011,80.61
12/22/2011,78.33
12/21/2011,77.34
12/20/2011,79.36
12/19/2011,82.95
12/16/2011,83.94
12/15/2011,83.47
12/14/2011,83.28
12/13/2011,83.07
12/12/2011,80.49
12/9/2011,78.93
12/8/2011,82.1
12/7/2011,80.27
12/6/2011,81.37
12/5/2011,78.06
12/2/2011,77.88
12/1/2011,76.77
11/30/2011,77.22
11/29/2011,79.05
11/28/2011,79.85
11/25/2011,82.5
11/23/2011,82.35
11/22/2011,81.12
11/21/2011,81.8
11/18/2011,80.5
11/17/2011,80.44
11/16/2011,80.18
11/15/2011,77.3
11/14/2011,76.89
11/11/2011,75.45
11/10/2011,78.08
11/9/2011,81.17
11/8/2011,76.4
11/7/2011,77.06
11/4/2011,78.05
11/3/2011,77.14
11/2/2011,78.79
11/1/2011,78.66
10/31/2011,77.15
10/28/2011,71
10/27/2011,72.01
10/26/2011,75.67
10/25/2011,77.44
10/24/2011,76.21
10/21/2011,75.89
10/20/2011,78.3
10/19/2011,78.25
10/18/2011,75.01
10/17/2011,74.22
10/14/2011,71.55
10/13/2011,73.44
10/12/2011,74.33
10/11/2011,74.31
10/10/2011,74.14
10/7/2011,75.59
10/6/2011,74.61
10/5/2011,73.67
10/4/2011,73.17
10/3/2011,78.53
9/30/2011,78.55
9/29/2011,74.54
9/28/2011,77.41
9/27/2011,74.39
9/26/2011,75.08
9/23/2011,74.83
9/22/2011,76.19
9/21/2011,76.92
9/20/2011,73.53
9/19/2011,73.51
9/16/2011,73.23
9/15/2011,71.82
9/14/2011,72.27
9/13/2011,70.78
9/12/2011,70.68
9/9/2011,70.23
9/8/2011,70.01
9/7/2011,69.1
9/6/2011,70.09
9/2/2011,71.56
9/1/2011,72.34
8/31/2011,74.38
8/30/2011,78.65
8/29/2011,74.28
8/26/2011,72.93
8/25/2011,75.69
8/24/2011,74.54
8/23/2011,73.03
8/22/2011,78.47
8/19/2011,77.13
8/18/2011,76.6
8/17/2011,72.84
8/16/2011,71.48
8/15/2011,70.65
8/12/2011,72.32
8/11/2011,70.42
8/10/2011,71.86
8/9/2011,65.24
8/8/2011,76.26
8/5/2011,69.93
8/4/2011,72.51
8/3/2011,63.31
8/2/2011,64.8
8/1/2011,60.13
7/29/2011,59.41
7/28/2011,63.75
7/27/2011,64.75
7/26/2011,62.67
7/25/2011,60.55
7/22/2011,55.93
7/21/2011,55.45
7/20/2011,59.55
7/19/2011,58.68
7/18/2011,60.01
7/15/2011,58.7
7/14/2011,62.79
7/13/2011,61.97
7/12/2011,62.4
7/11/2011,59.54
7/8/2011,54.61
7/7/2011,54.13
7/6/2011,55.53
7/5/2011,55.53
7/1/2011,55.61
6/30/2011,55.88
6/29/2011,55.26
6/28/2011,58.64
6/27/2011,59.6
6/24/2011,62.1
6/23/2011,60.34
6/22/2011,63.24
6/21/2011,59.63
6/20/2011,60.76
6/17/2011,62.13
6/16/2011,61.82
6/15/2011,60.99
6/14/2011,59.53
6/13/2011,61.51
6/10/2011,61.1
6/9/2011,59.04
6/8/2011,61.14
6/7/2011,57.7
6/6/2011,58.22
6/3/2011,61.16
6/2/2011,60.32
6/1/2011,60.2
5/31/2011,55.75
5/27/2011,56.84
5/26/2011,57.2
5/25/2011,60.47
5/24/2011,61.22
5/23/2011,60.85
5/20/2011,60.45
5/19/2011,57.77
5/18/2011,57.61
5/17/2011,58.75
5/16/2011,60.48
5/13/2011,58.96
5/12/2011,57.89
5/11/2011,58.23
5/10/2011,52.61
5/9/2011,57.02
5/6/2011,57.19
5/5/2011,56.82
5/4/2011,61.8
5/3/2011,60.93
5/2/2011,61
4/29/2011,59.83
4/28/2011,61.25
4/27/2011,60.46
4/26/2011,62.57
4/25/2011,59.8
4/21/2011,61.34
4/20/2011,59.17
4/19/2011,59.86
4/18/2011,60.48
4/15/2011,61
4/14/2011,59.6
4/13/2011,59.14
4/12/2011,61.59
4/11/2011,61.82
4/8/2011,61.65
4/7/2011,59.95
4/6/2011,59.85
4/5/2011,58.7
4/4/2011,61.49
4/1/2011,62.46
3/31/2011,61.77
3/30/2011,61.36
3/29/2011,59.44
3/28/2011,63.89
3/25/2011,61.47
3/24/2011,59.9
3/23/2011,63.06
3/22/2011,64.64
3/21/2011,62.96
3/18/2011,62.67
3/17/2011,62.78
3/16/2011,68.24
3/15/2011,64.79
3/14/2011,62.74
3/11/2011,62.92
3/10/2011,64.08
3/9/2011,65.99
3/8/2011,64.46
3/7/2011,62.7
3/4/2011,59.25
3/3/2011,59.02
3/2/2011,60.73
3/1/2011,62.15
2/28/2011,56.42
2/25/2011,56.88
2/24/2011,60.84
2/23/2011,61.65
2/22/2011,60.53
2/18/2011,61.12
2/17/2011,60.39
2/16/2011,58.33
2/15/2011,58.24
2/14/2011,58.09
2/11/2011,56.79
2/10/2011,57.91
2/9/2011,57.55
2/8/2011,58.12
2/7/2011,58.75
2/4/2011,58.93
2/3/2011,59.33
2/2/2011,59.01
2/1/2011,58.63
1/31/2011,59.46
1/28/2011,63.22
1/27/2011,59.51
1/26/2011,61.55
1/25/2011,61.71
1/24/2011,64.18
1/21/2011,64.95
1/20/2011,61.8
1/19/2011,63.48
1/18/2011,61.05
1/14/2011,60.58
1/13/2011,61.35
1/12/2011,61.45
1/11/2011,61.16
1/10/2011,61.47
1/7/2011,62.78
1/6/2011,62
1/5/2011,65.4
1/4/2011,66.43
1/3/2011,66.45
12/31/2010,66.34
12/30/2010,67.67
12/29/2010,68.04
12/28/2010,67.42
12/27/2010,67.88
12/23/2010,68.16
12/22/2010,66.03
12/21/2010,66.36
12/20/2010,65.92
12/17/2010,66.12
12/16/2010,65.94
12/15/2010,64.78
12/14/2010,63.03
12/13/2010,61.86
12/10/2010,61.56
12/9/2010,61.87
12/8/2010,63.74
12/7/2010,64.45
12/6/2010,64.12
12/3/2010,64.08
12/2/2010,65.49
12/1/2010,69.18
11/30/2010,71.08
11/29/2010,69
11/26/2010,71.41
11/24/2010,68.86
11/23/2010,68.68
11/22/2010,66.12
11/19/2010,68.08
11/18/2010,68.51
11/17/2010,69.26
11/16/2010,70.29
11/15/2010,68.71
11/12/2010,69.01
11/11/2010,67.6
11/10/2010,68.05
11/9/2010,68.71
11/8/2010,67.31
11/5/2010,67.5
11/4/2010,65.18
11/3/2010,67.64
11/2/2010,71.88
11/1/2010,71.45
10/29/2010,70.56
10/28/2010,70.35
10/27/2010,69.86
10/26/2010,69.54
10/25/2010,69.91
10/22/2010,70.61
10/21/2010,70.36
10/20/2010,72.74
10/19/2010,73.14
10/18/2010,72.06
10/15/2010,73.19
10/14/2010,72.38
10/13/2010,73
10/12/2010,74.49
10/11/2010,75.95
10/8/2010,77.55
10/7/2010,78.88
10/6/2010,78.78
10/5/2010,77.8
10/4/2010,78.57
10/1/2010,78.98
9/30/2010,81.15
9/29/2010,80.57
9/28/2010,79.87
9/27/2010,80.6
9/24/2010,78.54
9/23/2010,80.86
9/22/2010,78.29
9/21/2010,78.1
9/20/2010,75.94
9/17/2010,76.77
9/16/2010,75.23
9/15/2010,75.07
9/14/2010,75.59
9/13/2010,74.61
9/10/2010,74.54
9/9/2010,75.44
9/8/2010,74.7
9/7/2010,75.73
9/3/2010,73.03
9/2/2010,74.95
9/1/2010,75.67
8/31/2010,74.21
8/30/2010,78.15
8/27/2010,72.11
8/26/2010,78.01
8/25/2010,77.54
8/24/2010,81.09
8/23/2010,78.23
8/20/2010,77.92
8/19/2010,77.99
8/18/2010,77.62
8/17/2010,77.44
8/16/2010,78.42
8/13/2010,79.71
8/12/2010,77.8
8/11/2010,76.48
8/10/2010,74
8/9/2010,73.09
8/6/2010,73.31
8/5/2010,72.87
8/4/2010,72.41
8/3/2010,72.9
8/2/2010,69.55
7/30/2010,73.85
7/29/2010,75.12
7/28/2010,75.36
7/27/2010,73.43
7/26/2010,72.62
7/23/2010,73.09
7/22/2010,75.22
7/21/2010,74.84
7/20/2010,74.43
7/19/2010,78.27
7/16/2010,74.59
7/15/2010,75.38
7/14/2010,72.1
7/13/2010,70.89
7/12/2010,70.28
7/9/2010,69.26
7/8/2010,69.52
7/7/2010,71.36
7/6/2010,75.03
7/2/2010,68.15
7/1/2010,69.18
6/30/2010,75.02
6/29/2010,74.88
6/28/2010,72.66
6/25/2010,71.77
6/24/2010,74.23
6/23/2010,72.44
6/22/2010,72.39
6/21/2010,69.61
6/18/2010,69.27
6/17/2010,67.79
6/16/2010,68.67
6/15/2010,67.65
6/14/2010,70.88
6/11/2010,70.77
6/10/2010,71.7
6/9/2010,72.56
6/8/2010,72.94
6/7/2010,74.46
6/4/2010,71.04
6/3/2010,68.2
6/2/2010,67.65
6/1/2010,72.59
5/28/2010,70.66
5/27/2010,69.57
5/26/2010,73.29
5/25/2010,67.86
5/24/2010,72.31
5/21/2010,69.16
5/20/2010,77.47
5/19/2010,70.28
5/18/2010,67.62
5/17/2010,64.36
5/14/2010,64.47
5/13/2010,61.95
5/12/2010,61.23
5/11/2010,61.72
5/10/2010,61.58
5/7/2010,67.79
5/6/2010,62.43
5/5/2010,59.01
5/4/2010,56.76
5/3/2010,56.83
4/30/2010,58.37
4/29/2010,55.76
4/28/2010,57.45
4/27/2010,60.53
4/26/2010,55.29
4/23/2010,55.33
4/22/2010,56.58
4/21/2010,57.33
4/20/2010,57.39
4/19/2010,57.35
4/16/2010,56.98
4/15/2010,58.75
4/14/2010,58.66
4/13/2010,57.23
4/12/2010,55.97
4/9/2010,55.95
4/8/2010,56.51
4/7/2010,56.6
4/6/2010,56.14
4/5/2010,57.15
4/1/2010,60.36
3/31/2010,60.66
3/30/2010,59.56
3/29/2010,59.88
3/26/2010,60.5
3/25/2010,63.53
3/24/2010,62.22
3/23/2010,62.47
3/22/2010,62.11
3/19/2010,62.3
3/18/2010,60.73
3/17/2010,59.76
3/16/2010,61.24
3/15/2010,62.21
3/12/2010,60.67
3/11/2010,61.17
3/10/2010,62.36
3/9/2010,61.43
3/8/2010,61.28
3/5/2010,61.05
3/4/2010,62.27
3/3/2010,19.92
3/2/2010,61.94
3/1/2010,62.6
2/26/2010,62.6
2/25/2010,62.51
2/24/2010,63.03
2/23/2010,63.05
2/22/2010,61.46
2/19/2010,61.08
2/18/2010,61.56
2/17/2010,62.54
2/16/2010,63.08
2/12/2010,62.11
2/11/2010,62.71
2/10/2010,64.26
2/9/2010,64.38
2/8/2010,63.09
2/5/2010,63.34
2/4/2010,64.02
2/3/2010,62.77
2/2/2010,61.55
2/1/2010,60.49
1/29/2010,63.16
1/28/2010,62.21
1/27/2010,62.71
1/26/2010,64.27
1/25/2010,64.34
1/22/2010,65.63
1/21/2010,65.81
1/20/2010,64.07
1/19/2010,64.17
1/15/2010,62.88
1/14/2010,60.03
1/13/2010,60.06
1/12/2010,60.47
1/11/2010,59.33
1/8/2010,59.33
1/7/2010,61.2
1/6/2010,62.56
1/5/2010,63.32
1/4/2010,64.06
12/31/2009,64.21
12/30/2009,63.24
12/29/2009,63.15
12/28/2009,62.13
12/24/2009,62.13
12/23/2009,62.76
12/22/2009,62.07
12/21/2009,63.47
12/18/2009,62.52
12/17/2009,62.48
12/16/2009,62.33
12/15/2009,63.45
12/14/2009,63.29
12/11/2009,62.83
12/10/2009,63.41
12/9/2009,62.83
12/8/2009,63.81
12/7/2009,63.64
12/4/2009,63.28
12/3/2009,65.24
12/2/2009,64.11
12/1/2009,64.41
11/30/2009,65.72
11/27/2009,66.55
11/25/2009,64.46
11/24/2009,63.8
11/23/2009,63.87
11/20/2009,63.74
11/19/2009,62.93
11/18/2009,62.93
11/17/2009,62.84
11/16/2009,61.98
11/13/2009,62.67
11/12/2009,63.06
11/11/2009,60.97
11/10/2009,59.41
11/9/2009,58.19
11/6/2009,59.12
11/5/2009,59.19
11/4/2009,60.82
11/3/2009,59.45
11/2/2009,59.53
10/30/2009,61.83
10/29/2009,58.57
10/28/2009,61.38
10/27/2009,60.84
10/26/2009,61.99
10/23/2009,61.15
10/22/2009,59.73
10/21/2009,63.32
10/20/2009,61.73
10/19/2009,62.66
10/16/2009,60.78
10/15/2009,59.8
10/14/2009,59.57
10/13/2009,58.38
10/12/2009,57.82
10/9/2009,57.66
10/8/2009,58.2
10/7/2009,58.21
10/6/2009,58.07
10/5/2009,57.91
10/2/2009,60.74
10/1/2009,60.74
9/30/2009,60.71
9/29/2009,61.39
9/28/2009,60.15
9/25/2009,61.58
9/24/2009,63.62
9/23/2009,61.93
9/22/2009,60.39
9/21/2009,60.39
9/18/2009,59.98
9/17/2009,59.19
9/16/2009,59.63
9/15/2009,60.25
9/14/2009,60.2
9/11/2009,59.39
9/10/2009,58.07
9/9/2009,59.62
9/8/2009,60.6
9/4/2009,60.11
9/3/2009,60.78
9/2/2009,64.45
9/1/2009,64.4
8/31/2009,62.98
8/28/2009,62.61
8/27/2009,66.48
8/26/2009,64.67
8/25/2009,63.38
8/24/2009,62.3
8/21/2009,60.28
8/20/2009,59.72
8/19/2009,60.65
8/18/2009,60.51
8/17/2009,62.69
8/14/2009,57.06
8/13/2009,57.41
8/12/2009,59.28
8/11/2009,59.72
8/10/2009,57.25
8/7/2009,56.82
8/6/2009,58.89
8/5/2009,57.42
8/4/2009,59.53
8/3/2009,61.02
7/31/2009,64.69
7/30/2009,62.58
7/29/2009,62.05
7/28/2009,62.46
7/27/2009,58.8
7/24/2009,60.75
7/23/2009,61.86
7/22/2009,62.16
7/21/2009,63.77
7/20/2009,62.47
7/17/2009,64.12
7/16/2009,62.06
7/15/2009,61.36
7/14/2009,61.01
7/13/2009,60.66
7/10/2009,62.06
7/9/2009,61.78
7/8/2009,62.4
7/7/2009,61.49
7/6/2009,60.6
7/2/2009,61.11
7/1/2009,59.15
6/30/2009,58.94
6/29/2009,58.69
6/26/2009,59.81
6/25/2009,57.26
6/24/2009,59.17
6/23/2009,60.55
6/22/2009,61.37
6/19/2009,57.6
6/18/2009,57.78
6/17/2009,58.9
6/16/2009,60.11
6/15/2009,59.67
6/12/2009,57.43
6/11/2009,57.59
6/10/2009,59.09
6/9/2009,59.54
6/8/2009,60.44
6/5/2009,60.81
6/4/2009,60.2
6/3/2009,60.08
6/2/2009,58.27
6/1/2009,58.14
5/29/2009,59.46
5/28/2009,62.24
5/27/2009,63.94
5/26/2009,62.02
5/22/2009,65.31
5/21/2009,62.54
5/20/2009,61.9
5/19/2009,59.46
5/18/2009,60.58
5/15/2009,62.55
5/14/2009,58.65
5/13/2009,63.3
5/12/2009,61.85
5/11/2009,63.27
5/8/2009,63.94
5/7/2009,64.11
5/6/2009,63.78
5/5/2009,64.94
5/4/2009,65.23
5/1/2009,68.68
4/30/2009,69.51
4/29/2009,70.76
4/28/2009,70.63
4/27/2009,71.42
4/24/2009,71.77
4/23/2009,70.2
4/22/2009,70.22
4/21/2009,67.23
4/20/2009,69.1
4/17/2009,64.59
4/16/2009,64.99
4/15/2009,64.41
4/14/2009,64.59
4/13/2009,65.31
4/9/2009,67.19
4/8/2009,67.7
4/7/2009,67.83
4/6/2009,69.96
4/3/2009,69.66
4/2/2009,68.92
4/1/2009,69.37
3/31/2009,74.62
3/30/2009,74.61
3/27/2009,71.87
3/26/2009,68.88
3/25/2009,70
3/24/2009,71.88
3/23/2009,72.73
3/20/2009,74.78
3/19/2009,74.21
3/18/2009,68.52
3/17/2009,68.93
3/16/2009,69.5
3/13/2009,67.9
3/12/2009,63.13
3/11/2009,62.83
3/10/2009,60.2
3/9/2009,63.34
3/6/2009,62.86
3/5/2009,65
3/4/2009,65.58
3/3/2009,70.76
3/2/2009,71.75
2/27/2009,66.18
2/26/2009,67.29
2/25/2009,68.29
2/24/2009,67.29
2/23/2009,73.15
2/20/2009,70.06
2/19/2009,70.23
2/18/2009,68.4
2/17/2009,66.81
2/13/2009,66.95
2/12/2009,64.66
2/11/2009,67.41
2/10/2009,70.67
2/9/2009,69.48
2/6/2009,69.18
2/5/2009,68.93
2/4/2009,67.56
2/3/2009,68.34
2/2/2009,66.74
1/30/2009,68.06
1/29/2009,66.44
1/28/2009,68.24
1/27/2009,68.32
1/26/2009,68.92
1/23/2009,68.7
1/22/2009,67.67
1/21/2009,66.65
1/20/2009,72.09
1/16/2009,67.11
1/15/2009,64.49
1/14/2009,63.83
1/13/2009,65.61
1/12/2009,67.06
1/9/2009,63.29
1/8/2009,61.81
1/7/2009,62.29
1/6/2009,61.39
1/5/2009,62.19
1/2/2009,62.63
12/31/2008,64.89
12/30/2008,64.02
12/29/2008,62.48
12/26/2008,64.16
12/24/2008,64.49
12/23/2008,64.22
12/22/2008,63.05
12/19/2008,61.2
12/18/2008,59.81
12/17/2008,62.38
12/16/2008,61.94
12/15/2008,63.24
12/12/2008,61.82
12/11/2008,63.23
12/10/2008,63.77
12/9/2008,66.37
12/8/2008,67.79
12/5/2008,65.76
12/4/2008,63.96
12/3/2008,63.43
12/2/2008,61.37
12/1/2008,62.58
11/28/2008,61.78
11/26/2008,57.23
11/25/2008,56.98
11/24/2008,57.83
11/21/2008,56.54
11/20/2008,59.67
11/19/2008,63.72
11/18/2008,61.65
11/17/2008,65.72
11/14/2008,66.79
11/13/2008,60.58
11/12/2008,62.16
11/11/2008,65.42
11/10/2008,64.84
11/7/2008,63.12
11/6/2008,66.26
11/5/2008,66.05
11/4/2008,64.97
11/3/2008,64.46
10/31/2008,69.99
10/30/2008,65.49
10/29/2008,72.14
10/28/2008,67.19
10/27/2008,68.33
10/24/2008,66.02
10/23/2008,57.57
10/22/2008,60.68
10/21/2008,63.02
10/20/2008,61.91
10/17/2008,61.97
10/16/2008,54.65
10/15/2008,53.85
10/14/2008,49.64
10/13/2008,43.62
10/10/2008,42.76
10/9/2008,47.13
10/8/2008,49.34
10/7/2008,46.76
10/6/2008,47.47
10/3/2008,52.14
10/2/2008,52.17
10/1/2008,52.79
9/30/2008,53
9/29/2008,51.83
9/26/2008,52.19
9/25/2008,52.24
9/24/2008,52.44
9/23/2008,53.79
9/22/2008,51.36
9/19/2008,53.22
9/18/2008,47.72
9/17/2008,50.2
9/16/2008,49.08
9/15/2008,50.21
9/12/2008,48.33
9/11/2008,48.78
9/10/2008,50.47
9/9/2008,51.49
9/8/2008,49.29
9/5/2008,50.02
9/4/2008,50.26
9/3/2008,50.66
9/2/2008,51.57
8/29/2008,45.09
8/28/2008,47.97
8/27/2008,42.35
8/26/2008,43.61
8/25/2008,44.17
8/22/2008,44.01
8/21/2008,42.5
8/20/2008,43.36
8/19/2008,44.57
8/18/2008,43.91
8/15/2008,48.74
8/14/2008,45.01
8/13/2008,44.97
8/12/2008,46.06
8/11/2008,44.75
8/8/2008,47.5
8/7/2008,43.58
8/6/2008,42.65
8/5/2008,42.37
8/4/2008,49.11
8/1/2008,45.95
7/31/2008,42.4
7/30/2008,40.19
7/29/2008,43.27
7/28/2008,44.94
7/25/2008,47.14
7/24/2008,46.48
7/23/2008,43.98
7/22/2008,41.82
7/21/2008,45.87
7/18/2008,46.17
7/17/2008,46.02
7/16/2008,44.28
7/15/2008,51.3
7/14/2008,47.96
7/11/2008,47.83
7/10/2008,47.19
7/9/2008,50.15
7/8/2008,43.77
7/7/2008,50.21
7/3/2008,47.88
7/2/2008,49.69
7/1/2008,48.02
6/30/2008,47.68
6/27/2008,46.96
6/26/2008,49.92
6/25/2008,45.27
6/24/2008,45.33
6/23/2008,45.45
6/20/2008,45.83
6/19/2008,45.51
6/18/2008,47.56
6/17/2008,45.11
6/16/2008,44.33
6/13/2008,45.18
6/12/2008,47.55
6/11/2008,49.66
6/10/2008,50.48
6/9/2008,49.46
6/6/2008,51.35
6/5/2008,45.54
6/4/2008,49.15
6/3/2008,48.28
6/2/2008,47.67
5/30/2008,43.65
5/29/2008,48.47
5/28/2008,44.78
5/27/2008,44.77
5/23/2008,45.44
5/22/2008,46.07
5/21/2008,45.8
5/20/2008,44.24
5/19/2008,44.43
5/16/2008,44.1
5/15/2008,42.44
5/14/2008,43.14
5/13/2008,42.05
5/12/2008,42.23
5/9/2008,43.17
5/8/2008,44.08
5/7/2008,45.3
5/6/2008,42.96
5/5/2008,44.33
5/2/2008,43.03
5/1/2008,44.38
4/30/2008,47.37
4/29/2008,46.13
4/28/2008,43.78
4/25/2008,44.81
4/24/2008,47.05
4/23/2008,47.44
4/22/2008,46.83
4/21/2008,46.01
4/18/2008,45.88
4/17/2008,45.39
4/16/2008,44.45
4/15/2008,47.67
4/14/2008,48.31
4/11/2008,48.54
4/10/2008,47.63
4/9/2008,47.96
4/8/2008,47.18
4/7/2008,47.56
4/4/2008,48.14
4/3/2008,49.37
4/2/2008,49.28
4/1/2008,46.66
3/31/2008,55.03
3/28/2008,53.73
3/27/2008,54.91
3/26/2008,57.06
3/25/2008,55.28
3/24/2008,54.13
3/20/2008,54.99
3/19/2008,58.52
3/18/2008,51.44
3/17/2008,53.31
3/14/2008,56.13
3/13/2008,57.29
3/12/2008,57.21
3/11/2008,53.61
3/10/2008,54.2
3/7/2008,54.96
3/6/2008,54.94
3/5/2008,52.25
3/4/2008,51.2
3/3/2008,52.63
2/29/2008,54.44
2/28/2008,52.38
2/27/2008,53.25
2/26/2008,51.91
2/25/2008,51.43
2/22/2008,50.51
2/21/2008,52.54
2/20/2008,52.49
2/19/2008,52.24
2/15/2008,51.19
2/14/2008,51.21
2/13/2008,49.86
2/12/2008,50.25
2/11/2008,52.08
2/8/2008,52.66
2/7/2008,52.96
2/6/2008,55.89
2/5/2008,55.62
2/4/2008,52.46
2/1/2008,50.95
1/31/2008,54.45
1/30/2008,57.94
1/29/2008,54.14
1/28/2008,52.27
1/25/2008,54.74
1/24/2008,53.55
1/23/2008,52.07
1/22/2008,55.15
1/18/2008,53.24
1/17/2008,54.95
1/16/2008,51.64
1/15/2008,56.45
1/14/2008,53.85
1/11/2008,52.77
1/10/2008,53.85
1/9/2008,52.44
1/8/2008,55.29
1/7/2008,53.62
1/4/2008,54.48
1/3/2008,53.47
1/2/2008,56.48
12/31/2007,59.65
12/28/2007,57.43
12/27/2007,54.26
12/26/2007,52.08
12/24/2007,51.75
12/21/2007,50.83
12/20/2007,51.7
12/19/2007,53.41
12/18/2007,55.34
12/17/2007,56.48
12/14/2007,54.48
12/13/2007,53.86
12/12/2007,53.9
12/11/2007,57.28
12/10/2007,53.46
12/7/2007,53.1
12/6/2007,51.99
12/5/2007,53.36
12/4/2007,54.48
12/3/2007,53.71
11/30/2007,53.81
11/29/2007,52.8
11/28/2007,51.21
11/27/2007,50.77
11/26/2007,52.76
11/23/2007,49.35
11/21/2007,51.1
11/20/2007,51.91
11/19/2007,53.85
11/16/2007,52.98
11/15/2007,53.01
11/14/2007,51.25
11/13/2007,47.85
11/12/2007,51.5
11/9/2007,50.04
11/8/2007,47.77
11/7/2007,51.07
11/6/2007,46.34
11/5/2007,48.12
11/2/2007,47.64
11/1/2007,48.9
10/31/2007,45.89
10/30/2007,47.7
10/29/2007,47.42
10/26/2007,46.9
10/25/2007,46.66
10/24/2007,48.16
10/23/2007,50
10/22/2007,50.91
10/19/2007,52.61
10/18/2007,49.01
10/17/2007,50.01
10/16/2007,51.22
10/15/2007,49.07
10/12/2007,47.79
10/11/2007,48.35
10/10/2007,46.8
10/9/2007,45.65
10/8/2007,47.88
10/5/2007,46.95
10/4/2007,49.7
10/3/2007,49.11
10/2/2007,48.29
10/1/2007,46.94
9/28/2007,45.2
9/27/2007,44.5
9/26/2007,45.69
9/25/2007,46.87
9/24/2007,46.88
9/21/2007,47.74
9/20/2007,47.89
9/19/2007,48.31
9/18/2007,49.1
9/17/2007,52.82
9/14/2007,52.25
9/13/2007,51.44
9/12/2007,51.16
9/11/2007,51.29
9/10/2007,53.55
9/7/2007,52.68
9/6/2007,51.06
9/5/2007,50.05
9/4/2007,50.26
8/31/2007,60.54
8/30/2007,63.61
8/29/2007,56.97
8/28/2007,67.04
8/27/2007,55.26
8/24/2007,56.34
8/23/2007,51.93
8/22/2007,51.17
8/21/2007,55.21
8/20/2007,55.8
8/17/2007,57.67
8/16/2007,53.3
8/15/2007,59.44
8/14/2007,54.12
8/13/2007,51.7
8/10/2007,54.49
8/9/2007,54.86
8/8/2007,50.68
8/7/2007,49.86
8/6/2007,44.44
8/3/2007,47.99
8/2/2007,46.53
8/1/2007,46.96
7/31/2007,53.99
7/30/2007,45.47
7/27/2007,52.62
7/26/2007,47.51
7/25/2007,49.27
7/24/2007,49.76
7/23/2007,47.65
7/20/2007,47.28
7/19/2007,48.57
7/18/2007,48.45
7/17/2007,48.73
7/16/2007,49.26
7/13/2007,49.46
7/12/2007,47.56
7/11/2007,47.52
7/10/2007,45.93
7/9/2007,42.15
7/6/2007,41.32
7/5/2007,46.35
7/3/2007,45.35
7/2/2007,44.96
6/29/2007,43.54
6/28/2007,42.07
6/27/2007,41.63
6/26/2007,49.2
6/25/2007,43.44
6/22/2007,43.97
6/21/2007,46.29
6/20/2007,45.22
6/19/2007,40.1
6/18/2007,40.87
6/15/2007,42.98
6/14/2007,38.64
6/13/2007,42.47
6/12/2007,45.04
6/11/2007,41.07
6/8/2007,39.95
6/7/2007,45.55
6/6/2007,44.71
6/5/2007,41.46
6/4/2007,42.27
6/1/2007,41.44
5/31/2007,40.68
5/30/2007,40.36
5/29/2007,43.55
5/25/2007,43.12
5/24/2007,43.7
5/23/2007,40.07
5/22/2007,39.04
5/21/2007,39.73
5/18/2007,38.59
5/17/2007,41.68
5/16/2007,41.99
5/15/2007,40.92
5/14/2007,40.54
5/11/2007,39.96
5/10/2007,38.98
5/9/2007,40.04
5/8/2007,39.86
5/7/2007,40.3
5/4/2007,40.65
5/3/2007,39.12
5/2/2007,38.82
5/1/2007,41.61
4/30/2007,42.03
4/27/2007,37.12
4/26/2007,38.06
4/25/2007,39.39
4/24/2007,39.57
4/23/2007,40.14
4/20/2007,40.15
4/19/2007,38.93
4/18/2007,38.81
4/17/2007,37.54
4/16/2007,37.43
4/13/2007,38.58
4/12/2007,38.57
4/11/2007,41.55
4/10/2007,38.23
4/9/2007,37.55
4/5/2007,37.92
4/4/2007,40.83
4/3/2007,40.07
4/2/2007,39.99
3/30/2007,39.78
3/29/2007,40.18
3/28/2007,39.42
3/27/2007,38.96
3/26/2007,39.36
3/23/2007,38.65
3/22/2007,38.02
3/21/2007,37.5
3/20/2007,40.54
3/19/2007,40.56
3/16/2007,43.84
3/15/2007,39.8
3/14/2007,42.76
3/13/2007,44.49
3/12/2007,39.23
3/9/2007,39.36
3/8/2007,38.91
3/7/2007,39.41
3/6/2007,39.65
3/5/2007,44.81
3/2/2007,46.88
3/1/2007,40.18
2/28/2007,44.18
2/27/2007,49.66
2/26/2007,41.36
2/23/2007,40.73
2/22/2007,41.78
2/21/2007,40.94
2/20/2007,37.28
2/16/2007,35.76
2/15/2007,35.09
2/14/2007,34.9
2/13/2007,34.87
2/12/2007,37.32
2/9/2007,36.35
2/8/2007,35.6
2/7/2007,35.21
2/6/2007,35.73
2/5/2007,34.9
2/2/2007,34.84
2/1/2007,34.6
1/31/2007,34.82
1/30/2007,35.73
1/29/2007,36.29
1/26/2007,36.59
1/25/2007,36.71
1/24/2007,36.76
1/23/2007,36.62
1/22/2007,38.29
1/19/2007,37.58
1/18/2007,38.75
1/17/2007,37.65
1/16/2007,37.07
1/12/2007,36.86
1/11/2007,37.96
1/10/2007,38.63
1/9/2007,40.11
1/8/2007,39.4
1/5/2007,41.17
1/4/2007,40.29
1/3/2007,41.28
