Date,PE
2017/9/29,25.12
2017/8/1,24.7
2017/7/1,24.24
2017/6/1,24.23
2017/5/1,23.81
2017/4/1,23.52
2017/3/1,23.6
2017/2/1,23.68
2017/1/1,23.59
2016/12/1,23.76
2016/11/1,23.35
2016/10/1,23.57
2016/9/1,24.22
2016/8/1,24.57
2016/7/1,24.52
2016/6/1,23.97
2016/5/1,23.81
2016/4/1,23.97
2016/3/1,23.39
2016/2/1,22.02
2016/1/1,22.18
2015/12/1,23.74
2015/11/1,23.67
2015/10/1,22.68
2015/9/1,21.45
2015/8/1,22.15
2015/7/1,22.4
2015/6/1,22.12
2015/5/1,21.92
2015/4/1,21.42
2015/3/1,20.96
2015/2/1,20.77
2015/1/1,20.02
2014/12/1,20.08
2014/11/1,19.75
2014/10/1,18.5
2014/9/1,18.81
2014/8/1,18.68
2014/7/1,18.96
2014/6/1,18.88
2014/5/1,18.46
2014/4/1,18.35
2014/3/1,18.48
2014/2/1,18.06
2014/1/1,18.15
2013/12/1,18.04
2013/11/1,18.15
2013/10/1,17.86
2013/9/1,17.88
2013/8/1,17.91
2013/7/1,18.12
2013/6/1,17.8
2013/5/1,18.25
2013/4/1,17.69
2013/3/1,17.68
2013/2/1,17.32
2013/1/1,17.03
2012/12/1,16.44
2012/11/1,16.12
2012/10/1,16.62
2012/9/1,16.69
2012/8/1,16.14
2012/7/1,15.55
2012/6/1,15.05
2012/5/1,15.22
2012/4/1,15.7
2012/3/1,15.69
2012/2/1,15.37
2012/1/1,14.87
2011/12/1,14.3
2011/11/1,14.1
2011/10/1,13.88
2011/9/1,13.5
2011/8/1,13.79
2011/7/1,15.61
2011/6/1,15.35
2011/5/1,16.12
2011/4/1,16.21
2011/3/1,16.04
2011/2/1,16.52
2011/1/1,16.3
2010/12/1,16.05
2010/11/1,15.88
2010/10/1,15.9
2010/9/1,15.61
2010/8/1,15.47
2010/7/1,15.72
2010/6/1,16.15
2010/5/1,17.3
2010/4/1,19.01
2010/3/1,18.91
2010/2/1,18.91
2010/1/1,20.7
2009/12/1,21.78
2009/11/1,28.51
2009/10/1,42.12
2009/9/1,83.3
2009/8/1,92.95
2009/7/1,101.87
2009/6/1,123.32
2009/5/1,123.73
2009/4/1,119.85
2009/3/1,110.37
2009/2/1,84.46
2009/1/1,70.91
2008/12/1,58.98
2008/11/1,34.99
2008/10/1,27.22
2008/9/1,26.48
2008/8/1,26.83
2008/7/1,25.37
2008/6/1,26.11
2008/5/1,25.81
2008/4/1,23.88
2008/3/1,21.81
2008/2/1,21.74
2008/1/1,21.46
2007/12/1,22.35
2007/11/1,20.81
2007/10/1,20.68
2007/9/1,19.05
2007/8/1,18.02
2007/7/1,18.36
2007/6/1,17.83
2007/5/1,17.92
2007/4/1,17.48
2007/3/1,16.92
2007/2/1,17.49
2007/1/1,17.36
2006/12/1,17.38
2006/11/1,17.24
2006/10/1,17.14
2006/9/1,16.77
2006/8/1,16.67
2006/7/1,16.61
2006/6/1,16.82
2006/5/1,17.46
2006/4/1,17.77
2006/3/1,17.8
2006/2/1,17.8
2006/1/1,18.07
2005/12/1,18.07
2005/11/1,18.01
2005/10/1,17.64
2005/9/1,18.44
2005/8/1,18.72
2005/7/1,19
2005/6/1,19
2005/5/1,18.93
2005/4/1,19.02
2005/3/1,19.84
2005/2/1,20.11
2005/1/1,19.99
2004/12/1,20.48
2004/11/1,20.05
2004/10/1,19.25
2004/9/1,19.35
2004/8/1,19.03
2004/7/1,19.51
2004/6/1,20.17
2004/5/1,20.14
2004/4/1,21.23
2004/3/1,21.62
2004/2/1,22.46
2004/1/1,22.73
2003/12/1,22.17
2003/11/1,23.15
2003/10/1,24.75
2003/9/1,26.42
2003/8/1,26.57
2003/7/1,27.65
2003/6/1,28.6
2003/5/1,28.24
2003/4/1,28.05
2003/3/1,27.92
2003/2/1,28.46
2003/1/1,31.43
2002/12/1,32.59
2002/11/1,32.03
2002/10/1,29.24
2002/9/1,28.89
2002/8/1,31.53
2002/7/1,32.46
2002/6/1,37.92
2002/5/1,41.41
2002/4/1,43.81
2002/3/1,46.71
2002/2/1,44.57
2002/1/1,46.17
2001/12/1,46.37
2001/11/1,43.62
2001/10/1,39.72
2001/9/1,36.9
2001/8/1,37.85
2001/7/1,35.46
2001/6/1,33.67
2001/5/1,32.02
2001/4/1,27.96
2001/3/1,26.1
2001/2/1,27.81
2001/1/1,27.55
2000/12/1,26.62
2000/11/1,26.9
2000/10/1,26.5
2000/9/1,27.34
2000/8/1,27.97
2000/7/1,28.05
2000/6/1,28.16
2000/5/1,27.49
2000/4/1,28.5
2000/3/1,28.31
2000/2/1,27.76
2000/1/1,29.04
1999/12/1,29.66
1999/11/1,29.74
1999/10/1,28.66
1999/9/1,29.99
1999/8/1,30.89
1999/7/1,32.88
1999/6/1,32.24
1999/5/1,33.19
1999/4/1,34
1999/3/1,33.39
1999/2/1,32.67
1999/1/1,32.92
1998/12/1,31.56
1998/11/1,30.25
1998/10/1,27.2
1998/9/1,26.8
1998/8/1,28
1998/7/1,29.9
1998/6/1,28.44
1998/5/1,28.3
1998/4/1,28.26
1998/3/1,27.23
1998/2/1,25.85
1998/1/1,24.29
1997/12/1,24.23
1997/11/1,23.46
1997/10/1,23.58
1997/9/1,23.06
1997/8/1,22.83
1997/7/1,22.8
1997/6/1,21.61
1997/5/1,20.6
1997/4/1,18.94
1997/3/1,19.69
1997/2/1,20.09
1997/1/1,19.53
1996/12/1,19.19
1996/11/1,19.45
1996/10/1,19
1996/9/1,18.75
1996/8/1,18.6
1996/7/1,18.26
1996/6/1,19.15
1996/5/1,19.1
1996/4/1,18.85
1996/3/1,19.01
1996/2/1,19.1
1996/1/1,18.08
1995/12/1,18.1
1995/11/1,17.33
1995/10/1,16.76
1995/9/1,16.45
1995/8/1,16.01
1995/7/1,16.07
1995/6/1,15.67
1995/5/1,15.5
1995/4/1,15.31
1995/3/1,15.15
1995/2/1,15.11
1995/1/1,14.89
1994/12/1,14.88
1994/11/1,15.62
1994/10/1,16.32
1994/9/1,17.09
1994/8/1,17.44
1994/7/1,17.42
1994/6/1,18.05
1994/5/1,18.5
1994/4/1,19
1994/3/1,20.42
1994/2/1,21.02
1994/1/1,21.34
1993/12/1,21.29
1993/11/1,21.63
1993/10/1,22.19
1993/9/1,22.5
1993/8/1,22.65
1993/7/1,22.72
1993/6/1,23.18
1993/5/1,22.83
1993/4/1,22.53
1993/3/1,22.69
1993/2/1,22.55
1993/1/1,22.5
1992/12/1,22.82
1992/11/1,22.56
1992/10/1,22.43
1992/9/1,23.2
1992/8/1,23.6
1992/7/1,23.88
1992/6/1,23.95
1992/5/1,24.75
1992/4/1,24.73
1992/3/1,25.16
1992/2/1,25.6
1992/1/1,25.93
1991/12/1,24.33
1991/11/1,23.27
1991/10/1,22.49
1991/9/1,21.73
1991/8/1,21.22
1991/7/1,20.14
1991/6/1,19.49
1991/5/1,18.98
1991/4/1,18.58
1991/3/1,17.78
1991/2/1,17.19
1991/1/1,15.35
1990/12/1,15.41
1990/11/1,14.68
1990/10/1,14.21
1990/9/1,14.51
1990/8/1,15.33
1990/7/1,16.81
1990/6/1,16.95
1990/5/1,16.37
1990/4/1,15.7
1990/3/1,15.62
1990/2/1,14.97
1990/1/1,15.13
1989/12/1,15.24
1989/11/1,14.7
1989/10/1,14.84
1989/9/1,14.66
1989/8/1,14.32
1989/7/1,13.43
1989/6/1,12.84
1989/5/1,12.49
1989/4/1,12.07
1989/3/1,11.73
1989/2/1,11.97
1989/1/1,11.82
1988/12/1,11.64
1988/11/1,11.57
1988/10/1,12.02
1988/9/1,11.79
1988/8/1,11.78
1988/7/1,12.22
1988/6/1,12.49
1988/5/1,12.41
1988/4/1,13.38
1988/3/1,14.29
1988/2/1,14.16
1988/1/1,14.03
1987/12/1,13.77
1987/11/1,14.45
1987/10/1,17.07
1987/9/1,20.09
1987/8/1,21.42
1987/7/1,20.81
1987/6/1,20.9
1987/5/1,19.73
1987/4/1,19.46
1987/3/1,19.37
1987/2/1,18.87
1987/1/1,18.01
1986/12/1,17.17
1986/11/1,16.79
1986/10/1,16.12
1986/9/1,16.05
1986/8/1,16.55
1986/7/1,16.27
1986/6/1,16.68
1986/5/1,16.28
1986/4/1,16.32
1986/3/1,16
1986/2/1,15.08
1986/1/1,14.28
1985/12/1,14.19
1985/11/1,13.33
1985/10/1,12.4
1985/9/1,12.09
1985/8/1,12.26
1985/7/1,12.44
1985/6/1,12.1
1985/5/1,11.65
1985/4/1,11.2
1985/3/1,10.95
1985/2/1,10.98
1985/1/1,10.36
1984/12/1,9.89
1984/11/1,10.01
1984/10/1,9.93
1984/9/1,10.03
1984/8/1,10
1984/7/1,9.26
1984/6/1,9.45
1984/5/1,9.86
1984/4/1,10.12
1984/3/1,10.31
1984/2/1,10.59
1984/1/1,11.52
1983/12/1,11.72
1983/11/1,11.98
1983/10/1,12.39
1983/9/1,12.57
1983/8/1,12.43
1983/7/1,13.02
1983/6/1,13.22
1983/5/1,13.1
1983/4/1,12.64
1983/3/1,12.23
1983/2/1,11.75
1983/1/1,11.48
1982/12/1,11.03
1982/11/1,10.66
1982/10/1,10.02
1982/9/1,9.03
1982/8/1,7.97
1982/7/1,7.83
1982/6/1,7.74
1982/5/1,8.09
1982/4/1,7.97
1982/3/1,7.48
1982/2/1,7.64
1982/1/1,7.73
1981/12/1,8.06
1981/11/1,8.02
1981/10/1,7.83
1981/9/1,7.75
1981/8/1,8.54
1981/7/1,8.55
1981/6/1,8.81
1981/5/1,8.86
1981/4/1,9.13
1981/3/1,9.14
1981/2/1,8.76
1981/1/1,9.02
1980/12/1,9.01
1980/11/1,9.19
1980/10/1,8.86
1980/9/1,8.64
1980/8/1,8.38
1980/7/1,8.07
1980/6/1,7.67
1980/5/1,7.15
1980/4/1,6.79
1980/3/1,6.85
1980/2/1,7.61
1980/1/1,7.39
1979/12/1,7.25
1979/11/1,7.02
1979/10/1,7.1
1979/9/1,7.42
1979/8/1,7.45
1979/7/1,7.23
1979/6/1,7.27
1979/5/1,7.25
1979/4/1,7.55
1979/3/1,7.53
1979/2/1,7.57
1979/1/1,7.88
1978/12/1,7.79
1978/11/1,7.84
1978/10/1,8.51
1978/9/1,8.98
1978/8/1,9.07
1978/7/1,8.57
1978/6/1,8.7
1978/5/1,8.75
1978/4/1,8.41
1978/3/1,8.13
1978/2/1,8.16
1978/1/1,8.28
1977/12/1,8.62
1977/11/1,8.71
1977/10/1,8.7
1977/9/1,8.99
1977/8/1,9.21
1977/7/1,9.52
1977/6/1,9.53
1977/5/1,9.58
1977/4/1,9.72
1977/3/1,9.98
1977/2/1,10.08
1977/1/1,10.41
1976/12/1,10.57
1976/11/1,10.34
1976/10/1,10.54
1976/9/1,11.05
1976/8/1,10.93
1976/7/1,11.14
1976/6/1,11.01
1976/5/1,11.18
1976/4/1,11.5
1976/3/1,11.67
1976/2/1,11.93
1976/1/1,11.83
1975/12/1,11.14
1975/11/1,11.42
1975/10/1,11.31
1975/9/1,10.91
1975/8/1,10.95
1975/7/1,11.72
1975/6/1,11.61
1975/5/1,11.1
1975/4/1,10.22
1975/3/1,9.91
1975/2/1,9.31
1975/1/1,8.3
1974/12/1,7.54
1974/11/1,8.01
1974/10/1,7.68
1974/9/1,7.48
1974/8/1,8.46
1974/7/1,8.95
1974/6/1,10.27
1974/5/1,10.41
1974/4/1,10.89
1974/3/1,11.66
1974/2/1,11.27
1974/1/1,11.68
1973/12/1,11.62
1973/11/1,12.75
1973/10/1,13.99
1973/9/1,13.73
1973/8/1,13.77
1973/7/1,14.34
1973/6/1,14.5
1973/5/1,15.12
1973/4/1,15.89
1973/3/1,16.53
1973/2/1,17.12
1973/1/1,18.08
1972/12/1,18.3
1972/11/1,18.18
1972/10/1,17.59
1972/9/1,17.82
1972/8/1,18.26
1972/7/1,17.78
1972/6/1,18.09
1972/5/1,18.19
1972/4/1,18.57
1972/3/1,18.54
1972/2/1,18.23
1972/1/1,18
1971/12/1,17.4
1971/11/1,16.54
1971/10/1,17.63
1971/9/1,18.31
1971/8/1,18.04
1971/7/1,18.47
1971/6/1,18.74
1971/5/1,19.21
1971/4/1,19.62
1971/3/1,19.08
1971/2/1,18.71
1971/1/1,18.12
1970/12/1,17.55
1970/11/1,16.18
1970/10/1,15.98
1970/9/1,15.41
1970/8/1,14.4
1970/7/1,13.84
1970/6/1,13.69
1970/5/1,13.68
1970/4/1,15.38
1970/3/1,15.75
1970/2/1,15.35
1970/1/1,15.76
1969/12/1,15.76
1969/11/1,16.53
1969/10/1,16.33
1969/9/1,16.05
1969/8/1,16.04
1969/7/1,16.16
1969/6/1,16.98
1969/5/1,17.94
1969/4/1,17.38
1969/3/1,17.06
1969/2/1,17.5
1969/1/1,17.65
1968/12/1,18.49
1968/11/1,18.39
1968/10/1,18.24
1968/9/1,17.9
1968/8/1,17.43
1968/7/1,17.91
1968/6/1,18.04
1968/5/1,17.7
1968/4/1,17.46
1968/3/1,16.38
1968/2/1,16.81
1968/1/1,17.7
1967/12/1,17.88
1967/11/1,17.42
1967/10/1,18.02
1967/9/1,18.08
1967/8/1,17.79
1967/7/1,17.48
1967/6/1,17.15
1967/5/1,17.24
1967/4/1,16.81
1967/3/1,16.41
1967/2/1,15.94
1967/1/1,15.3
1966/12/1,14.65
1966/11/1,14.62
1966/10/1,13.97
1966/9/1,14.12
1966/8/1,14.69
1966/7/1,15.66
1966/6/1,15.76
1966/5/1,16.01
1966/4/1,17.03
1966/3/1,16.64
1966/2/1,17.52
1966/1/1,17.81
1965/12/1,17.67
1965/11/1,18
1965/10/1,18.1
1965/9/1,17.95
1965/8/1,17.54
1965/7/1,17.36
1965/6/1,17.57
1965/5/1,18.64
1965/4/1,18.6
1965/3/1,18.55
1965/2/1,18.7
1965/1/1,18.76
1964/12/1,18.45
1964/11/1,18.9
1964/10/1,18.86
1964/9/1,18.66
1964/8/1,18.55
1964/7/1,19
1964/6/1,18.53
1964/5/1,18.86
1964/4/1,18.9
1964/3/1,18.85
1964/2/1,18.74
1964/1/1,18.78
1963/12/1,18.45
1963/11/1,18.16
1963/10/1,18.35
1963/9/1,18.4
1963/8/1,18.11
1963/7/1,17.8
1963/6/1,18.26
1963/5/1,18.46
1963/4/1,18.34
1963/3/1,17.7
1963/2/1,17.82
1963/1/1,17.68
1962/12/1,17.07
1962/11/1,16.59
1962/10/1,15.69
1962/9/1,16.43
1962/8/1,16.67
1962/7/1,16.32
1962/6/1,16.03
1962/5/1,18.31
1962/4/1,20.01
1962/3/1,20.86
1962/2/1,21.21
1962/1/1,21.25
1961/12/1,22.49
1961/11/1,22.64
1961/10/1,21.94
1961/9/1,22.05
1961/8/1,22.3
1961/7/1,21.53
1961/6/1,21.66
1961/5/1,21.8
1961/4/1,21.44
1961/3/1,20.75
1961/2/1,19.74
1961/1/1,18.6
1960/12/1,17.37
1960/11/1,16.96
1960/10/1,16.43
1960/9/1,16.76
1960/8/1,17.28
1960/7/1,17.13
1960/6/1,17.56
1960/5/1,16.73
1960/4/1,16.64
1960/3/1,16.23
1960/2/1,16.45
1960/1/1,17.12
1959/12/1,17.42
1959/11/1,16.83
1959/10/1,16.67
1959/9/1,16.63
1959/8/1,17.37
1959/7/1,17.52
1959/6/1,16.9
1959/5/1,17.56
1959/4/1,17.79
1959/3/1,18.06
1959/2/1,18.02
1959/1/1,18.79
1958/12/1,18.51
1958/11/1,18.17
1958/10/1,17.69
1958/9/1,17
1958/8/1,16.45
1958/7/1,15.8
1958/6/1,15.27
1958/5/1,14.57
1958/4/1,13.79
1958/3/1,13.41
1958/2/1,12.81
1958/1/1,12.5
1957/12/1,11.97
1957/11/1,11.87
1957/10/1,11.99
1957/9/1,12.67
1957/8/1,13.29
1957/7/1,14.1
1957/6/1,13.9
1957/5/1,13.72
1957/4/1,13.21
1957/3/1,12.95
1957/2/1,12.79
1957/1/1,13.32
1956/12/1,13.62
1956/11/1,13.34
1956/10/1,13.44
1956/9/1,13.54
1956/8/1,13.81
1956/7/1,13.74
1956/6/1,12.85
1956/5/1,12.82
1956/4/1,13.13
1956/3/1,12.87
1956/2/1,12.11
1956/1/1,12.13
1955/12/1,12.53
1955/11/1,12.63
1955/10/1,12.03
1955/9/1,12.89
1955/8/1,12.59
1955/7/1,12.98
1955/6/1,12.35
1955/5/1,12.01
1955/4/1,12.38
1955/3/1,12.33
1955/2/1,12.69
1955/1/1,12.58
1954/12/1,12.62
1954/11/1,12.29
1954/10/1,12.01
1954/9/1,11.96
1954/8/1,11.68
1954/7/1,11.5
1954/6/1,11.05
1954/5/1,11.05
1954/4/1,10.75
1954/3/1,10.42
1954/2/1,10.24
1954/1/1,10.1
1953/12/1,9.89
1953/11/1,9.72
1953/10/1,9.44
1953/9/1,9.13
1953/8/1,9.6
1953/7/1,9.64
1953/6/1,9.54
1953/5/1,10.02
1953/4/1,10.04
1953/3/1,10.7
1953/2/1,10.69
1953/1/1,10.86
1952/12/1,10.85
1952/11/1,10.47
1952/10/1,10.24
1952/9/1,10.5
1952/8/1,10.71
1952/7/1,10.67
1952/6/1,10.42
1952/5/1,10.06
1952/4/1,9.97
1952/3/1,9.92
1952/2/1,9.85
1952/1/1,9.95
1951/12/1,9.59
1951/11/1,9.23
1951/10/1,9.38
1951/9/1,9.35
1951/8/1,8.87
1951/7/1,8.28
1951/6/1,7.92
1951/5/1,7.95
1951/4/1,7.86
1951/3/1,7.64
1951/2/1,7.77
1951/1/1,7.47
1950/12/1,6.95
1950/11/1,7.08
1950/10/1,7.2
1950/9/1,7.01
1950/8/1,6.93
1950/7/1,6.68
1950/6/1,7.38
1950/5/1,7.44
1950/4/1,7.34
1950/3/1,7.32
1950/2/1,7.32
1950/1/1,7.21
1949/12/1,7.13
1949/11/1,6.88
1949/10/1,6.7
1949/9/1,6.48
1949/8/1,6.4
1949/7/1,6.15
1949/6/1,5.82
1949/5/1,6.18
1949/4/1,6.23
1949/3/1,6.26
1949/2/1,6.29
1949/1/1,6.62
1948/12/1,6.63
1948/11/1,6.89
1948/10/1,7.57
1948/9/1,7.61
1948/8/1,7.97
1948/7/1,8.51
1948/6/1,9.04
1948/5/1,8.92
1948/4/1,8.75
1948/3/1,8.36
1948/2/1,8.39
1948/1/1,9.04
1947/12/1,9.34
1947/11/1,9.6
1947/10/1,9.84
1947/9/1,9.72
1947/8/1,10.24
1947/7/1,10.66
1947/6/1,10.31
1947/5/1,10.39
1947/4/1,10.98
1947/3/1,11.94
1947/2/1,13.17
1947/1/1,13.46
1946/12/1,14.27
1946/11/1,14.69
1946/10/1,15.53
1946/9/1,16.96
1946/8/1,20.34
1946/7/1,20.99
1946/6/1,22.12
1946/5/1,21.74
1946/4/1,21.2
1946/3/1,19.48
1946/2/1,19.64
1946/1/1,19.17
1945/12/1,18.05
1945/11/1,17.57
1945/10/1,16.84
1945/9/1,16
1945/8/1,14.98
1945/7/1,14.78
1945/6/1,15.09
1945/5/1,14.97
1945/4/1,14.72
1945/3/1,14.51
1945/2/1,14.67
1945/1/1,14.35
1944/12/1,14.09
1944/11/1,13.93
1944/10/1,14.19
1944/9/1,14
1944/8/1,14.08
1944/7/1,14.29
1944/6/1,13.77
1944/5/1,13.15
1944/4/1,12.78
1944/3/1,13.01
1944/2/1,12.66
1944/1/1,12.61
1943/12/1,12.21
1943/11/1,11.44
1943/10/1,11.53
1943/9/1,11.1
1943/8/1,10.77
1943/7/1,11.33
1943/6/1,11
1943/5/1,10.91
1943/4/1,10.59
1943/3/1,10.35
1943/2/1,10.08
1943/1/1,9.7
1942/12/1,9.24
1942/11/1,9.47
1942/10/1,9.61
1942/9/1,9.23
1942/8/1,9.04
1942/7/1,8.91
1942/6/1,8.5
1942/5/1,7.93
1942/4/1,7.69
1942/3/1,7.87
1942/2/1,8.01
1942/1/1,7.97
1941/12/1,7.55
1941/11/1,8.01
1941/10/1,8.33
1941/9/1,8.61
1941/8/1,8.8
1941/7/1,9.16
1941/6/1,8.95
1941/5/1,8.73
1941/4/1,9.01
1941/3/1,9.39
1941/2/1,9.33
1941/1/1,10.05
1940/12/1,10.03
1940/11/1,10.36
1940/10/1,10.03
1940/9/1,9.84
1940/8/1,9.53
1940/7/1,9.51
1940/6/1,9.3
1940/5/1,10.37
1940/4/1,12.15
1940/3/1,12.27
1940/2/1,12.73
1940/1/1,13.23
1939/12/1,13.74
1939/11/1,14.56
1939/10/1,15.36
1939/9/1,15.77
1939/8/1,14.61
1939/7/1,15.01
1939/6/1,15.04
1939/5/1,15.18
1939/4/1,14.84
1939/3/1,17.45
1939/2/1,17.97
1939/1/1,18.94
1938/12/1,19.83
1938/11/1,20.75
1938/10/1,20.73
1938/9/1,18.95
1938/8/1,18.37
1938/7/1,17
1938/6/1,13.26
1938/5/1,11.88
1938/4/1,10.99
1938/3/1,10.63
1938/2/1,10.82
1938/1/1,10.47
1937/12/1,9.75
1937/11/1,9.66
1937/10/1,10.32
1937/9/1,11.78
1937/8/1,13.95
1937/7/1,13.92
1937/6/1,13.37
1937/5/1,14.13
1937/4/1,15.05
1937/3/1,16.3
1937/2/1,16.77
1937/1/1,16.75
1936/12/1,16.73
1936/11/1,17.54
1936/10/1,17.41
1936/9/1,17.07
1936/8/1,17.25
1936/7/1,17.29
1936/6/1,16.69
1936/5/1,16.58
1936/4/1,18.15
1936/3/1,18.81
1936/2/1,18.65
1936/1/1,17.87
1935/12/1,17.16
1935/11/1,17.16
1935/10/1,15.68
1935/9/1,15.28
1935/8/1,14.58
1935/7/1,13.48
1935/6/1,12.49
1935/5/1,12.5
1935/4/1,11.89
1935/3/1,11.52
1935/2/1,13.82
1935/1/1,16.25
1934/12/1,18.9
1934/11/1,18.78
1934/10/1,18.65
1934/9/1,18.5
1934/8/1,19.36
1934/7/1,20.15
1934/6/1,21.15
1934/5/1,21.33
1934/4/1,23.74
1934/3/1,23.87
1934/2/1,25.16
1934/1/1,23.95
1933/12/1,22.66
1933/11/1,22.23
1933/10/1,21.7
1933/9/1,24.6
1933/8/1,24.81
1933/7/1,26.12
1933/6/1,24.16
1933/5/1,21.12
1933/4/1,16.4
1933/3/1,14.83
1933/2/1,14.88
1933/1/1,17.29
1932/12/1,16.63
1932/11/1,16.4
1932/10/1,16.18
1932/9/1,17.96
1932/8/1,15.69
1932/7/1,10.22
1932/6/1,9.35
1932/5/1,10.4
1932/4/1,11.63
1932/3/1,14.75
1932/2/1,14.19
1932/1/1,14.07
1931/12/1,13.84
1931/11/1,16.23
1931/10/1,15.3
1931/9/1,16.9
1931/8/1,19.04
1931/7/1,18.86
1931/6/1,17.56
1931/5/1,17.48
1931/4/1,18.66
1931/3/1,19.92
1931/2/1,18.9
1931/1/1,17
1930/12/1,15.99
1930/11/1,16.29
1930/10/1,16.59
1930/9/1,18.39
1930/8/1,17.62
1930/7/1,16.98
1930/6/1,16.68
1930/5/1,17.87
1930/4/1,18.19
1930/3/1,16.51
1930/2/1,15.38
1930/1/1,13.92
1929/12/1,13.29
1929/11/1,12.94
1929/10/1,17.83
1929/9/1,20.19
1929/8/1,19.67
1929/7/1,18.86
1929/6/1,17.43
1929/5/1,17.34
1929/4/1,17.32
1929/3/1,17.66
1929/2/1,17.6
1929/1/1,17.76
1928/12/1,16.78
1928/11/1,16.96
1928/10/1,16.12
1928/9/1,16.16
1928/8/1,15.33
1928/7/1,15.09
1928/6/1,15.22
1928/5/1,16.39
1928/4/1,16.17
1928/3/1,15.47
1928/2/1,14.93
1928/1/1,15.51
1927/12/1,15.73
1927/11/1,15.23
1927/10/1,14.76
1927/9/1,14.86
1927/8/1,13.94
1927/7/1,13.12
1927/6/1,12.62
1927/5/1,12.35
1927/4/1,11.84
1927/3/1,11.46
1927/2/1,11.2
1927/1/1,10.89
1926/12/1,10.88
1926/11/1,10.64
1926/10/1,10.5
1926/9/1,10.74
1926/8/1,10.58
1926/7/1,10.18
1926/6/1,9.69
1926/5/1,9.25
1926/4/1,9.18
1926/3/1,9.45
1926/2/1,10.14
1926/1/1,10.12
1925/12/1,9.97
1925/11/1,10.05
1925/10/1,9.91
1925/9/1,9.84
1925/8/1,9.87
1925/7/1,9.91
1925/6/1,9.91
1925/5/1,10.01
1925/4/1,9.88
1925/3/1,10.29
1925/2/1,10.89
1925/1/1,11.02
1924/12/1,10.92
1924/11/1,10.37
1924/10/1,9.71
1924/9/1,9.84
1924/8/1,9.83
1924/7/1,9.51
1924/6/1,8.99
1924/5/1,8.82
1924/4/1,8.85
1924/3/1,8.97
1924/2/1,9.14
1924/1/1,9.01
1923/12/1,8.72
1923/11/1,8.61
1923/10/1,8.63
1923/9/1,8.96
1923/8/1,9.2
1923/7/1,9.37
1923/6/1,9.93
1923/5/1,10.7
1923/4/1,11.52
1923/3/1,12.41
1923/2/1,12.54
1923/1/1,12.54
1922/12/1,12.72
1922/11/1,13.33
1922/10/1,14.94
1922/9/1,15.36
1922/8/1,15.77
1922/7/1,16.37
1922/6/1,17.24
1922/5/1,18.54
1922/4/1,19.55
1922/3/1,19.85
1922/2/1,20.72
1922/1/1,22.81
1921/12/1,25.21
1921/11/1,21.39
1921/10/1,17.63
1921/9/1,15.74
1921/8/1,14.02
1921/7/1,13.06
1921/6/1,11.91
1921/5/1,12.07
1921/4/1,10.97
1921/3/1,10.27
1921/2/1,9.81
1921/1/1,9.36
1920/12/1,8.51
1920/11/1,9.23
1920/10/1,9.61
1920/9/1,9.48
1920/8/1,9.05
1920/7/1,9.31
1920/6/1,9.1
1920/5/1,9.16
1920/4/1,9.66
1920/3/1,9.63
1920/2/1,8.9
1920/1/1,9.6
1919/12/1,9.59
1919/11/1,9.78
1919/10/1,10.07
1919/9/1,9.48
1919/8/1,9.34
1919/7/1,9.91
1919/6/1,9.59
1919/5/1,9.25
1919/4/1,8.65
1919/3/1,8.29
1919/2/1,8.04
1919/1/1,7.93
1918/12/1,7.98
1918/11/1,7.98
1918/10/1,7.56
1918/9/1,7.11
1918/8/1,6.95
1918/7/1,6.77
1918/6/1,6.54
1918/5/1,6.41
1918/4/1,6.11
1918/3/1,6.02
1918/2/1,6.04
1918/1/1,5.72
1917/12/1,5.31
1917/11/1,5.42
1917/10/1,5.82
1917/9/1,6.06
1917/8/1,6.27
1917/7/1,6.37
1917/6/1,6.41
1917/5/1,6.2
1917/4/1,6.32
1917/3/1,6.33
1917/2/1,6.06
1917/1/1,6.34
1916/12/1,6.41
1916/11/1,6.9
1916/10/1,7.03
1916/9/1,7.07
1916/8/1,7.1
1916/7/1,7.33
1916/6/1,7.74
1916/5/1,8.06
1916/4/1,8.25
1916/3/1,8.82
1916/2/1,9.29
1916/1/1,10.03
1915/12/1,10.77
1915/11/1,11.13
1915/10/1,11.15
1915/9/1,10.96
1915/8/1,10.99
1915/7/1,10.97
1915/6/1,11.49
1915/5/1,11.87
1915/4/1,12.72
1915/3/1,12.41
1915/2/1,12.72
1915/1/1,13.6
1914/12/1,14.13
1914/11/1,14.49
1914/10/1,14.22
1914/9/1,13.96
1914/8/1,13.71
1914/7/1,13.47
1914/6/1,14.02
1914/5/1,14.09
1914/4/1,13.76
1914/3/1,13.87
1914/2/1,13.9
1914/1/1,13.5
1913/12/1,12.76
1913/11/1,12.58
1913/10/1,12.91
1913/9/1,13.12
1913/8/1,13
1913/7/1,12.47
1913/6/1,12.12
1913/5/1,12.76
1913/4/1,12.93
1913/3/1,12.94
1913/2/1,13
1913/1/1,13.48
1912/12/1,13.4
1912/11/1,14.1
1912/10/1,14.47
1912/9/1,14.72
1912/8/1,14.86
1912/7/1,14.75
1912/6/1,14.74
1912/5/1,14.97
1912/4/1,15.22
1912/3/1,15
1912/2/1,14.82
1912/1/1,15.2
1911/12/1,15.44
1911/11/1,15.12
1911/10/1,14.3
1911/9/1,13.76
1911/8/1,14.33
1911/7/1,14.82
1911/6/1,14.65
1911/5/1,14.15
1911/4/1,13.65
1911/3/1,13.31
1911/2/1,13.28
1911/1/1,12.88
1910/12/1,12.4
1910/11/1,12.75
1910/10/1,12.59
1910/9/1,12.04
1910/8/1,11.96
1910/7/1,11.68
1910/6/1,12.13
1910/5/1,12.75
1910/4/1,12.96
1910/3/1,13.28
1910/2/1,12.79
1910/1/1,13.26
1909/12/1,13.55
1909/11/1,13.57
1909/10/1,14.01
1909/9/1,14.15
1909/8/1,14.54
1909/7/1,14.41
1909/6/1,14.63
1909/5/1,14.59
1909/4/1,14.56
1909/3/1,14.16
1909/2/1,14.43
1909/1/1,15.1
1908/12/1,15.57
1908/11/1,14.97
1908/10/1,14.02
1908/9/1,13.62
1908/8/1,13.54
1908/7/1,12.98
1908/6/1,12.32
1908/5/1,12.11
1908/4/1,11.49
1908/3/1,10.73
1908/2/1,10.15
1908/1/1,10.54
1907/12/1,9.95
1907/11/1,9.33
1907/10/1,9.76
1907/9/1,10.8
1907/8/1,10.91
1907/7/1,11.63
1907/6/1,11.04
1907/5/1,11.25
1907/4/1,11.49
1907/3/1,11.28
1907/2/1,12.51
1907/1/1,12.75
1906/12/1,12.95
1906/11/1,13.24
1906/10/1,12.97
1906/9/1,13.55
1906/8/1,13.33
1906/7/1,12.58
1906/6/1,12.92
1906/5/1,12.93
1906/4/1,13.47
1906/3/1,13.86
1906/2/1,14.2
1906/1/1,14.51
1905/12/1,14.24
1905/11/1,14.11
1905/10/1,14.62
1905/9/1,14.65
1905/8/1,15.08
1905/7/1,14.78
1905/6/1,14.83
1905/5/1,14.91
1905/4/1,16.25
1905/3/1,16.76
1905/2/1,16.92
1905/1/1,16.53
1904/12/1,16.84
1904/11/1,16.67
1904/10/1,15.5
1904/9/1,14.64
1904/8/1,14.02
1904/7/1,13.29
1904/6/1,12.76
1904/5/1,12.75
1904/4/1,12.77
1904/3/1,12.46
1904/2/1,12.5
1904/1/1,12.6
1903/12/1,12.4
1903/11/1,11.63
1903/10/1,11.38
1903/9/1,11.55
1903/8/1,11.84
1903/7/1,12.02
1903/6/1,12.38
1903/5/1,12.88
1903/4/1,12.92
1903/3/1,13.25
1903/2/1,13.79
1903/1/1,13.65
1902/12/1,12.78
1902/11/1,13.29
1902/10/1,14.05
1902/9/1,14.75
1902/8/1,14.97
1902/7/1,14.83
1902/6/1,14.75
1902/5/1,15.38
1902/4/1,15.7
1902/3/1,15.47
1902/2/1,15.75
1902/1/1,15.92
1901/12/1,15.9
1901/11/1,16.16
1901/10/1,15.82
1901/9/1,16
1901/8/1,16.41
1901/7/1,16.18
1901/6/1,17.35
1901/5/1,15.78
1901/4/1,16.61
1901/3/1,15.33
1901/2/1,15.1
1901/1/1,14.73
1900/12/1,14.31
1900/11/1,13.5
1900/10/1,12.52
1900/9/1,12.08
1900/8/1,12.38
1900/7/1,12.21
1900/6/1,12.21
1900/5/1,12.58
1900/4/1,13.21
1900/3/1,13.04
1900/2/1,12.94
1900/1/1,12.71
1899-12-01 00:00:00,12.54
1899-11-01 00:00:00,13.74
1899-10-01 00:00:00,13.78
1899-09-01 00:00:00,14.16
1899-08-01 00:00:00,14.64
1899-07-01 00:00:00,14.6
1899-06-01 00:00:00,14.45
1899-05-01 00:00:00,15.52
1899-04-01 00:00:00,16.62
1899-03-01 00:00:00,16.84
1899-02-01 00:00:00,17.05
1899-01-01 00:00:00,16.89
1898-12-01 00:00:00,16.14
1898-11-01 00:00:00,15.2
1898-10-01 00:00:00,15.15
1898-09-01 00:00:00,15.47
1898-08-01 00:00:00,15.5
1898-07-01 00:00:00,15.39
1898-06-01 00:00:00,15.33
1898-05-01 00:00:00,14.76
1898-04-01 00:00:00,14.28
1898-03-01 00:00:00,14.53
1898-02-01 00:00:00,15.22
1898-01-01 00:00:00,15.74
1897-12-01 00:00:00,15.32
1897-11-01 00:00:00,15.5
1897-10-01 00:00:00,16.62
1897-09-01 00:00:00,17.17
1897-08-01 00:00:00,16.96
1897-07-01 00:00:00,16.52
1897-06-01 00:00:00,16.42
1897-05-01 00:00:00,16.32
1897-04-01 00:00:00,16.92
1897-03-01 00:00:00,17.46
1897-02-01 00:00:00,18.17
1897-01-01 00:00:00,19.18
1896-12-01 00:00:00,20.1
1896-11-01 00:00:00,20.86
1896-10-01 00:00:00,18.64
1896-09-01 00:00:00,18.23
1896-08-01 00:00:00,17.32
1896-07-01 00:00:00,17.57
1896-06-01 00:00:00,18.78
1896-05-01 00:00:00,19.13
1896-04-01 00:00:00,18.42
1896-03-01 00:00:00,18.25
1896-02-01 00:00:00,18.54
1896-01-01 00:00:00,17.08
1895-12-01 00:00:00,17.28
1895-11-01 00:00:00,19.13
1895-10-01 00:00:00,19.79
1895-09-01 00:00:00,20.96
1895-08-01 00:00:00,21.77
1895-07-01 00:00:00,22.48
1895-06-01 00:00:00,22.38
1895-05-01 00:00:00,23.05
1895-04-01 00:00:00,23
1895-03-01 00:00:00,23.28
1895-02-01 00:00:00,23.28
1895-01-01 00:00:00,25
1894-12-01 00:00:00,26.88
1894-11-01 00:00:00,25.53
1894-10-01 00:00:00,24.11
1894-09-01 00:00:00,23.58
1894-08-01 00:00:00,23.21
1894-07-01 00:00:00,21.25
1894-06-01 00:00:00,20.67
1894-05-01 00:00:00,20
1894-04-01 00:00:00,19.87
1894-03-01 00:00:00,18.79
1894-02-01 00:00:00,18.25
1894-01-01 00:00:00,17.28
1893-12-01 00:00:00,16.96
1893-11-01 00:00:00,16.93
1893-10-01 00:00:00,16.07
1893-09-01 00:00:00,15.07
1893-08-01 00:00:00,13.6
1893-07-01 00:00:00,13.48
1893-06-01 00:00:00,14.41
1893-05-01 00:00:00,15.13
1893-04-01 00:00:00,16.09
1893-03-01 00:00:00,15.62
1893-02-01 00:00:00,15.74
1893-01-01 00:00:00,15.58
1892-12-01 00:00:00,14.89
1892-11-01 00:00:00,15.05
1892-10-01 00:00:00,15.11
1892-09-01 00:00:00,15.22
1892-08-01 00:00:00,15.61
1892-07-01 00:00:00,15.39
1892-06-01 00:00:00,15.39
1892-05-01 00:00:00,15.91
1892-04-01 00:00:00,15.91
1892-03-01 00:00:00,15.94
1892-02-01 00:00:00,15.77
1892-01-01 00:00:00,16.21
1891-12-01 00:00:00,15.91
1891-11-01 00:00:00,15.44
1891-10-01 00:00:00,16.15
1891-09-01 00:00:00,16.15
1891-08-01 00:00:00,15.41
1891-07-01 00:00:00,14.91
1891-06-01 00:00:00,15.16
1891-05-01 00:00:00,15.97
1891-04-01 00:00:00,16.03
1891-03-01 00:00:00,16.03
1891-02-01 00:00:00,16.33
1891-01-01 00:00:00,16.69
1890-12-01 00:00:00,15.86
1890-11-01 00:00:00,16.24
1890-10-01 00:00:00,17.52
1890-09-01 00:00:00,18.34
1890-08-01 00:00:00,18.66
1890-07-01 00:00:00,19.1
1890-06-01 00:00:00,18.6
1890-05-01 00:00:00,18.73
1890-04-01 00:00:00,17.97
1890-03-01 00:00:00,17.6
1890-02-01 00:00:00,17.73
1890-01-01 00:00:00,17.93
1889-12-01 00:00:00,17.73
1889-11-01 00:00:00,17.83
1889-10-01 00:00:00,18.62
1889-09-01 00:00:00,18.97
1889-08-01 00:00:00,18.52
1889-07-01 00:00:00,18.93
1889-06-01 00:00:00,19.32
1889-05-01 00:00:00,19
1889-04-01 00:00:00,19.19
1889-03-01 00:00:00,19.22
1889-02-01 00:00:00,19.63
1889-01-01 00:00:00,20.15
1888-12-01 00:00:00,19.77
1888-11-01 00:00:00,19.41
1888-10-01 00:00:00,19.11
1888-09-01 00:00:00,18.55
1888-08-01 00:00:00,18.1
1888-07-01 00:00:00,17.13
1888-06-01 00:00:00,16.16
1888-05-01 00:00:00,16.16
1888-04-01 00:00:00,15.45
1888-03-01 00:00:00,14.94
1888-02-01 00:00:00,15.53
1888-01-01 00:00:00,15.17
1887-12-01 00:00:00,14.64
1887-11-01 00:00:00,14.72
1887-10-01 00:00:00,14.44
1887-09-01 00:00:00,15.37
1887-08-01 00:00:00,15.57
1887-07-01 00:00:00,15.97
1887-06-01 00:00:00,16.37
1887-05-01 00:00:00,17.35
1887-04-01 00:00:00,17.06
1887-03-01 00:00:00,16.68
1887-02-01 00:00:00,16.29
1887-01-01 00:00:00,16.91
1886-12-01 00:00:00,17.09
1886-11-01 00:00:00,17.55
1886-10-01 00:00:00,17.66
1886-09-01 00:00:00,17.22
1886-08-01 00:00:00,17.32
1886-07-01 00:00:00,17.19
1886-06-01 00:00:00,17.5
1886-05-01 00:00:00,16.73
1886-04-01 00:00:00,17.66
1886-03-01 00:00:00,17.9
1886-02-01 00:00:00,18.93
1886-01-01 00:00:00,18.57
1885-12-01 00:00:00,19.26
1885-11-01 00:00:00,19.41
1885-10-01 00:00:00,17.57
1885-09-01 00:00:00,16.61
1885-08-01 00:00:00,16.82
1885-07-01 00:00:00,15.38
1885-06-01 00:00:00,14.83
1885-05-01 00:00:00,14.9
1885-04-01 00:00:00,14.57
1885-03-01 00:00:00,14.6
1885-02-01 00:00:00,14.57
1885-01-01 00:00:00,13.68
1884-12-01 00:00:00,14
1884-11-01 00:00:00,13.59
1884-10-01 00:00:00,13.45
1884-09-01 00:00:00,13.91
1884-08-01 00:00:00,13.94
1884-07-01 00:00:00,12.74
1884-06-01 00:00:00,12.39
1884-05-01 00:00:00,12.92
1884-04-01 00:00:00,13.68
1884-03-01 00:00:00,13.95
1884-02-01 00:00:00,13.64
1884-01-01 00:00:00,13.28
1883-12-01 00:00:00,13.35
1883-11-01 00:00:00,13.65
1883-10-01 00:00:00,13.12
1883-09-01 00:00:00,13.49
1883-08-01 00:00:00,13.34
1883-07-01 00:00:00,13.98
1883-06-01 00:00:00,13.86
1883-05-01 00:00:00,13.74
1883-04-01 00:00:00,13.98
1883-03-01 00:00:00,13.69
1883-02-01 00:00:00,13.21
1883-01-01 00:00:00,13.51
1882-12-01 00:00:00,13.58
1882-11-01 00:00:00,13.51
1882-10-01 00:00:00,14.12
1882-09-01 00:00:00,14.51
1882-08-01 00:00:00,14.37
1882-07-01 00:00:00,13.95
1882-06-01 00:00:00,12.91
1882-05-01 00:00:00,12.98
1882-04-01 00:00:00,13.14
1882-03-01 00:00:00,13.14
1882-02-01 00:00:00,13.16
1882-01-01 00:00:00,13.45
1881-12-01 00:00:00,13.66
1881-11-01 00:00:00,14.07
1881-10-01 00:00:00,13.67
1881-09-01 00:00:00,13.89
1881-08-01 00:00:00,13.48
1881-07-01 00:00:00,13.8
1881-06-01 00:00:00,14
1881-05-01 00:00:00,13.83
1881-04-01 00:00:00,13.23
1881-03-01 00:00:00,13
1881-02-01 00:00:00,12.85
1881-01-01 00:00:00,12.63
1880-12-01 00:00:00,11.92
1880-11-01 00:00:00,11.69
1880-10-01 00:00:00,11.34
1880-09-01 00:00:00,11.26
1880-08-01 00:00:00,11.53
1880-07-01 00:00:00,11.39
1880-06-01 00:00:00,10.89
1880-05-01 00:00:00,11.09
1880-04-01 00:00:00,12.33
1880-03-01 00:00:00,12.93
1880-02-01 00:00:00,13
1880-01-01 00:00:00,13.1
1879-12-01 00:00:00,12.95
1879-11-01 00:00:00,13.32
1879-10-01 00:00:00,12.65
1879-09-01 00:00:00,11.72
1879-08-01 00:00:00,11.31
1879-07-01 00:00:00,11.54
1879-06-01 00:00:00,11.31
1879-05-01 00:00:00,11.59
1879-04-01 00:00:00,11.42
1879-03-01 00:00:00,11.06
1879-02-01 00:00:00,11.59
1879-01-01 00:00:00,11.19
1878-12-01 00:00:00,11.13
1878-11-01 00:00:00,11.19
1878-10-01 00:00:00,11.23
1878-09-01 00:00:00,11.35
1878-08-01 00:00:00,11.13
1878-07-01 00:00:00,11.23
1878-06-01 00:00:00,11
1878-05-01 00:00:00,11.13
1878-04-01 00:00:00,11.1
1878-03-01 00:00:00,10.8
1878-02-01 00:00:00,10.6
1878-01-01 00:00:00,10.83
1877-12-01 00:00:00,10.83
1877-11-01 00:00:00,10.87
1877-10-01 00:00:00,11.03
1877-09-01 00:00:00,10.8
1877-08-01 00:00:00,10.52
1877-07-01 00:00:00,9.83
1877-06-01 00:00:00,9.41
1877-05-01 00:00:00,10.14
1877-04-01 00:00:00,10.14
1877-03-01 00:00:00,10.93
1877-02-01 00:00:00,11.93
1877-01-01 00:00:00,12.68
1876-12-01 00:00:00,12.79
1876-11-01 00:00:00,12.41
1876-10-01 00:00:00,12.66
1876-09-01 00:00:00,12.3
1876-08-01 00:00:00,12.68
1876-07-01 00:00:00,13.23
1876-06-01 00:00:00,12.97
1876-05-01 00:00:00,12.67
1876-04-01 00:00:00,13.15
1876-03-01 00:00:00,13.26
1876-02-01 00:00:00,12.91
1876-01-01 00:00:00,12.74
1875-12-01 00:00:00,12.14
1875-11-01 00:00:00,11.81
1875-10-01 00:00:00,11.32
1875-09-01 00:00:00,11.21
1875-08-01 00:00:00,11.31
1875-07-01 00:00:00,10.97
1875-06-01 00:00:00,10.68
1875-05-01 00:00:00,10.64
1875-04-01 00:00:00,10.81
1875-03-01 00:00:00,10.43
1875-02-01 00:00:00,10.3
1875-01-01 00:00:00,10.09
1874-12-01 00:00:00,9.87
1874-11-01 00:00:00,9.93
1874-10-01 00:00:00,9.85
1874-09-01 00:00:00,9.87
1874-08-01 00:00:00,9.72
1874-07-01 00:00:00,9.7
1874-06-01 00:00:00,9.7
1874-05-01 00:00:00,9.74
1874-04-01 00:00:00,10
1874-03-01 00:00:00,10.28
1874-02-01 00:00:00,10.43
1874-01-01 00:00:00,10.13
1873-12-01 00:00:00,9.61
1873-11-01 00:00:00,8.78
1873-10-01 00:00:00,9.11
1873-09-01 00:00:00,10.2
1873-08-01 00:00:00,11.04
1873-07-01 00:00:00,11.04
1873-06-01 00:00:00,11.07
1873-05-01 00:00:00,11.48
1873-04-01 00:00:00,11.45
1873-03-01 00:00:00,11.61
1873-02-01 00:00:00,11.7
1873-01-01 00:00:00,11.88
1872-12-01 00:00:00,11.79
1872-11-01 00:00:00,11.51
1872-10-01 00:00:00,11.56
1872-09-01 00:00:00,11.79
1872-08-01 00:00:00,12
1872-07-01 00:00:00,12.14
1872-06-01 00:00:00,12.21
1872-05-01 00:00:00,12.63
1872-04-01 00:00:00,12.63
1872-03-01 00:00:00,12.29
1872-02-01 00:00:00,11.9
1872-01-01 00:00:00,12.15
1871-12-01 00:00:00,11.85
1871-11-01 00:00:00,11.6
1871-10-01 00:00:00,11.48
1871-09-01 00:00:00,12.1
1871-08-01 00:00:00,11.98
1871-07-01 00:00:00,11.83
1871-06-01 00:00:00,12.05
1871-05-01 00:00:00,12.15
1871-04-01 00:00:00,11.85
1871-03-01 00:00:00,11.53
1871-02-01 00:00:00,11.25
1871-01-01 00:00:00,11.1
