Date,ShortVolume,ShortExemptVolume,TotalVolume,SI
2013/4/1,102793,0,131746,
2013/4/2,76593,0,92582,
2013/4/3,121932,0,157882,
2013/4/4,76659,0,94772,
2013/4/5,53614,0,80414,
2013/4/8,75446,0,84002,
2013/4/9,98377,0,124489,
2013/4/10,154882,0,209400,
2013/4/11,48730,0,99737,
2013/4/12,32579,1100,147777,
2013/4/15,64013,400,137764,
2013/4/16,33794,0,75524,
2013/4/17,53896,0,103340,
2013/4/18,44502,0,104426,
2013/4/19,43068,0,58306,
2013/4/22,34978,0,46378,
2013/4/23,36185,0,65294,
2013/4/24,19700,0,53880,
2013/4/25,20712,0,51812,
2013/4/26,27300,0,43500,
2013/4/29,21642,0,34137,
2013/4/30,34978,0,59294,
2013/5/1,56700,0,92600,
2013/5/2,76934,0,117358,
2013/5/3,38800,0,123780,
2013/5/6,31818,0,49118,
2013/5/7,131126,0,185860,
2013/5/8,61335,0,77835,
2013/5/9,55602,0,91974,
2013/5/10,108989,0,138269,1.114691895
2013/5/13,115437,0,162609,1.168346146
2013/5/14,133871,0,170367,1.320271094
2013/5/15,336641,0,384692,3.089670292
2013/5/16,69605,0,136268,0.630822149
2013/5/17,184558,0,219658,1.605108991
2013/5/20,110259,0,174889,0.934309889
2013/5/21,76809,0,103467,0.654749947
2013/5/22,141797,0,243057,1.197282837
2013/5/23,195988,0,312281,1.561444201
2013/5/24,135332,0,193283,1.065321095
2013/5/28,56932,0,92007,0.453609748
2013/5/29,28100,0,109937,0.221861022
2013/5/30,23914,0,38214,0.192103466
2013/5/31,43984,0,84148,0.355256696
2013/6/3,198564,0,230209,1.532849138
2013/6/4,155539,0,188552,1.158333104
2013/6/5,57964,0,70614,0.431101312
2013/6/6,41962,0,59526,0.311651852
2013/6/7,45103,0,71150,0.333384007
2013/6/10,36164,0,68220,0.265692113
2013/6/11,92889,0,177938,0.659227654
2013/6/12,37300,0,55274,0.264967842
2013/6/13,26407,0,36164,0.190128058
2013/6/14,54719,0,69359,0.398563243
2013/6/17,45849,0,83580,0.337247418
2013/6/18,219004,14798,510957,1.447048889
2013/6/19,64802,1400,155879,0.431019403
2013/6/20,70034,0,124267,0.46107265
2013/6/21,71909,0,115311,0.471004636
2013/6/24,45859,0,68600,0.30501652
2013/6/25,51110,0,91669,0.345373853
2013/6/26,43825,0,68508,0.303099953
2013/6/27,40700,0,59400,0.304307711
2013/6/28,61683,0,83783,0.467307137
2013/7/1,71627,0,116477,0.55715997
2013/7/2,109798,0,163935,0.856510771
2013/7/3,63366,0,94694,0.495434837
2013/7/5,66342,0,106795,0.537801856
2013/7/8,51290,0,78590,0.443807975
2013/7/9,63737,0,109537,0.565162235
2013/7/10,18100,0,63400,0.161863089
2013/7/11,52740,0,95075,0.473737396
2013/7/12,57765,0,90618,0.510858789
2013/7/15,82531,0,123785,0.721452994
2013/7/16,63547,0,115447,0.574721203
2013/7/17,39100,0,65550,0.367239368
2013/7/18,62728,0,106207,0.582668023
2013/7/19,58400,0,116553,0.533053906
2013/7/22,98800,0,135741,0.884429476
2013/7/23,80049,0,118583,0.705966706
2013/7/24,125088,0,184688,1.100989137
2013/7/25,69049,0,96469,0.600492054
2013/7/26,62130,0,94231,0.531375653
2013/7/29,92716,0,142098,0.776857062
2013/7/30,69869,0,89273,0.58449522
2013/7/31,105908,0,143022,0.98727699
2013/8/1,133046,0,193856,1.22579282
2013/8/2,124601,0,158389,1.136081262
2013/8/5,64050,0,83877,0.589625175
2013/8/6,70973,1100,149351,0.637558199
2013/8/7,56404,1800,107999,0.504217757
2013/8/8,65501,0,108501,0.578643692
2013/8/9,36270,0,74003,0.319041603
2013/8/12,97292,0,152402,0.838930013
2013/8/13,72015,0,142165,0.616420064
2013/8/14,353875,0,466387,2.788403603
2013/8/15,115454,19113,239750,0.876346227
2013/8/16,84145,7400,214046,0.621823419
2013/8/19,88668,1100,137914,0.645810537
2013/8/20,70261,0,116089,0.510931
2013/8/21,76604,0,190187,0.540447236
2013/8/22,46800,0,82374,0.331166832
2013/8/23,54140,0,168649,0.376182432
2013/8/26,82207,0,114773,0.572395879
2013/8/27,168801,0,207993,1.150623023
2013/8/28,54712,0,116009,0.368714112
2013/8/29,42454,0,61982,0.288976107
2013/8/30,46375,0,54675,0.320160553
2013/9/3,63445,0,84395,0.443244615
2013/9/4,105848,0,122748,0.738767348
2013/9/5,97715,0,116540,0.692990102
2013/9/6,72100,4100,136003,0.506595223
2013/9/9,39515,4500,68610,0.279319802
2013/9/10,52789,0,76789,0.378981662
2013/9/11,13994,0,30994,0.101886386
2013/9/12,26600,0,41000,0.198584031
2013/9/13,11800,0,18828,0.092105421
2013/9/16,38941,0,65210,0.311507814
2013/9/17,95936,0,109687,0.762192692
2013/9/18,107188,0,149850,0.851475102
2013/9/19,70876,0,86676,0.566218465
2013/9/20,80261,0,105242,0.641750867
2013/9/23,21737,0,146863,0.170493852
2013/9/24,37992,0,271659,0.288979427
2013/9/25,40038,0,178826,0.301737261
2013/9/26,30060,0,252782,0.239385656
2013/9/27,34995,0,173208,0.283697162
2013/9/30,46959,0,137207,0.388758975
2013/10/1,40162,0,93499,0.336614472
2013/10/2,14817,0,115747,0.124199324
2013/10/3,84758,0,190035,0.710490205
2013/10/4,119300,0,273252,0.949404613
2013/10/7,66578,0,540352,0.482282224
2013/10/8,48000,0,451296,0.321575218
2013/10/9,64228,0,319229,0.419864669
2013/10/10,63790,0,367976,0.395297821
2013/10/11,53200,0,183330,0.321611572
2013/10/14,106928,0,533964,0.589481747
2013/10/15,25203,0,106820,0.138371025
2013/10/16,29803,0,205121,0.161196193
2013/10/17,24449,0,138527,0.131715758
2013/10/18,45100,0,131412,0.243170774
2013/10/21,43017,0,214610,0.226009113
2013/10/22,10498,0,83070,0.055095349
2013/10/23,12800,0,61201,0.066823528
2013/10/24,37053,0,339607,0.18388324
2013/10/25,50566,0,154390,0.245440284
2013/10/28,31573,0,303837,0.147554046
2013/10/29,23103,0,115306,0.10787571
2013/10/30,88471,0,217101,0.408821738
2013/10/31,65697,0,172166,0.299638092
2013/11/1,65775,0,152034,0.29787482
2013/11/4,48670,0,236248,0.217477046
2013/11/5,80783,0,390363,0.354699499
2013/11/6,34150,0,230065,0.148828655
2013/11/7,72856,0,203300,0.319811632
2013/11/8,82910,0,324902,0.356042335
2013/11/11,60287,0,401684,0.249448172
2013/11/12,26280,0,119267,0.108353083
2013/11/13,53535,0,213685,0.217794593
2013/11/14,52189,0,82511,0.21546038
2013/11/15,29066,0,138297,0.12226868
2013/11/18,50053,0,135249,0.223232709
2013/11/19,31999,0,78882,0.151077547
2013/11/20,25944,0,74204,0.127402777
2013/11/21,25489,0,105002,0.13079879
2013/11/22,39393,0,77663,0.205869257
2013/11/25,13791,0,81872,0.078233551
2013/11/26,8600,0,49872,0.04931713
2013/11/27,42880,0,105565,0.250667785
2013/11/29,18779,0,127518,0.11001423
2013/12/2,35678,0,96623,0.2104444
2013/12/3,59170,0,193355,0.350475109
2013/12/4,62602,200,150333,0.365943623
2013/12/5,31747,0,154904,0.182251347
2013/12/6,87189,0,395779,0.495206624
2013/12/9,106800,0,352630,0.584648382
2013/12/10,197109,500,446059,1.05172684
2013/12/11,95221,0,275212,0.494026213
2013/12/12,165159,100,368262,0.835049295
2013/12/13,52061,0,154015,0.2640298
2013/12/16,54870,0,167354,0.277556939
2013/12/17,80452,0,152421,0.412796775
2013/12/18,54599,0,208546,0.289136988
2013/12/19,44734,200,249131,0.236100827
2013/12/20,70919,0,191309,0.375093484
2013/12/23,69314,0,255642,0.371136383
2013/12/24,25421,0,138920,0.142812414
2013/12/26,64170,0,162916,0.357577301
2013/12/27,39271,100,217278,0.218685566
2013/12/30,55099,0,172250,0.30179861
2013/12/31,44252,0,171960,0.240904737
2014/1/2,112556,0,205825,0.604998619
2014/1/3,193926,0,479917,0.972492857
2014/1/6,410017,400,907006,1.804880282
2014/1/7,318133,0,564177,1.312012377
2014/1/8,141156,0,539549,0.547385021
2014/1/9,436191,0,1476566,1.433126921
2014/1/10,219112,18374,1471252,0.622933028
2014/1/13,134007,13622,805369,0.357286005
2014/1/14,117007,0,446347,0.303365155
2014/1/15,80545,100,413149,0.203269284
2014/1/16,133157,100,348196,0.331723892
2014/1/17,215579,0,597467,0.517828387
2014/1/21,118552,700,566057,0.275690336
2014/1/22,74116,0,196482,0.175059742
2014/1/23,71002,0,300089,0.16840119
2014/1/24,110805,0,338002,0.265069654
2014/1/27,124975,0,468204,0.29443621
2014/1/28,43153,0,240499,0.10269719
2014/1/29,36262,100,153031,0.086304457
2014/1/30,35116,0,180638,0.083488962
2014/1/31,55583,200,226615,0.131377158
2014/2/3,133697,0,230514,0.315463063
2014/2/4,72157,0,169627,0.171328467
2014/2/5,69311,0,329227,0.162793962
2014/2/6,66718,0,236242,0.156942035
2014/2/7,26977,0,291999,0.062705856
2014/2/10,55658,500,369639,0.127333026
2014/2/11,49613,0,251811,0.1132053
2014/2/12,30597,0,215589,0.069585844
2014/2/13,21435,400,151228,0.048825719
2014/2/14,32370,0,117793,0.074230174
2014/2/18,36754,0,269737,0.085659676
2014/2/19,218043,0,523450,0.523783195
2014/2/20,96894,0,410441,0.235659912
2014/2/21,83090,0,280125,0.206428201
2014/2/24,49119,1500,543677,0.132247748
2014/2/25,59518,0,420531,0.176930223
2014/2/26,28091,0,251888,0.088352278
2014/2/27,67298,0,288281,0.215233574
2014/2/28,76231,0,475774,0.242186339
2014/3/3,140256,0,412209,0.442593805
2014/3/4,70128,0,348974,0.22723647
2014/3/5,97411,0,236285,0.327299876
2014/3/6,31547,0,615468,0.10124645
2014/3/7,20528,0,249436,0.066241193
2014/3/10,91243,0,367288,0.293504764
2014/3/11,86326,0,319062,0.282200936
2014/3/12,64945,0,185606,0.213583697
2014/3/13,51061,0,107507,0.168765805
2014/3/14,41421,0,120897,0.137810915
2014/3/17,65485,0,274593,0.216720585
2014/3/18,204764,0,420675,0.663736449
2014/3/19,219116,0,759677,0.667689916
2014/3/20,96419,0,357815,0.292957137
2014/3/21,79732,0,303739,0.240610937
2014/3/24,193296,700,453346,0.574002125
2014/3/25,159344,0,317753,0.475622733
2014/3/26,73179,0,575492,0.211615471
2014/3/27,60819,0,624339,0.169206663
2014/3/28,142679,200,996170,0.368107989
2014/3/31,268949,1700,1501967,0.620069532
2014/4/2,1125224,300,4242971,1.987392022
2014/4/3,326756,3100,1305456,0.551721514
2014/4/4,232648,0,524468,0.390316925
2014/4/7,256000,2588,1120428,0.41021758
2014/4/8,250605,2100,598549,0.400399028
2014/4/9,338810,15,756833,0.531801848
2014/4/10,344807,0,629609,0.530726321
2014/4/11,301760,0,746208,0.453806419
2014/4/14,151134,0,481291,0.22722235
2014/4/15,160620,0,368017,0.24202007
2014/4/16,36615,0,151657,0.055723237
2014/4/17,104276,0,132959,0.159530622
2014/4/21,46403,0,113345,0.072857008
2014/4/22,30897,0,175531,0.048699518
2014/4/23,76450,0,137940,0.121969379
2014/4/24,71660,0,161524,0.115293267
2014/4/25,73578,0,96040,0.118950491
2014/4/28,122582,0,239185,0.196776901
2014/4/29,57377,0,192292,0.091754905
2014/4/30,72973,0,178128,0.117298538
2014/5/1,70382,0,146712,0.114819151
2014/5/2,88172,0,139833,0.14885875
2014/5/5,77805,0,149981,0.132910916
2014/5/6,42611,0,117900,0.073569037
2014/5/7,78300,0,136581,0.137697292
2014/5/8,102465,0,147595,0.182008989
2014/5/9,40306,0,72683,0.073792618
2014/5/12,61482,0,260194,0.115120122
2014/5/13,71335,0,347770,0.139202494
2014/5/14,177490,0,738630,0.364448119
2014/5/15,171306,0,241046,0.484445088
2014/5/16,140879,0,287480,0.440687149
2014/5/19,272788,0,702214,0.837787689
2014/5/20,214528,0,574383,0.697870661
2014/5/21,108807,0,479565,0.358581217
2014/5/22,118073,0,582529,0.396714147
2014/5/23,78400,0,360905,0.271589833
2014/5/27,55518,0,349952,0.201544992
2014/5/28,57735,0,329631,0.213511695
2014/5/29,39499,0,565081,0.142608264
2014/5/30,108148,0,832362,0.360895491
2014/6/2,38503,0,513034,0.123274742
2014/6/3,84931,200,785788,0.25371499
2014/6/4,166307,0,1696322,0.431470137
2014/6/5,120124,0,1954890,0.269331693
2014/6/6,44687,0,504390,0.097690055
2014/6/9,45828,100,642484,0.096347885
2014/6/10,75931,100,418024,0.157659901
2014/6/11,63972,0,277070,0.132053896
2014/6/12,104979,0,747702,0.208529835
2014/6/13,91840,0,580555,0.177336393
2014/6/16,41622,1200,367412,0.079208823
2014/6/17,76152,0,254911,0.14396295
2014/6/18,46686,0,209855,0.087749932
2014/6/19,100620,0,264865,0.187615115
2014/6/20,132098,100,338315,0.243423205
2014/6/23,61611,0,296219,0.111995714
2014/6/24,70404,0,360463,0.127206665
2014/6/25,59369,0,240317,0.107967232
2014/6/26,62530,0,212240,0.117463966
2014/6/27,191412,2000,1437952,0.334501666
2014/6/30,185661,700,2238851,0.291335293
2014/7/1,137371,600,963731,0.212650823
2014/7/2,80967,0,988453,0.122715277
2014/7/3,36793,0,279170,0.056334576
2014/7/7,36922,0,436589,0.056956324
2014/7/8,62137,100,363455,0.095840722
2014/7/9,40625,0,237227,0.063025673
2014/7/10,30862,0,267694,0.048033192
2014/7/11,42251,0,317890,0.066613132
2014/7/14,40251,0,394128,0.064955904
2014/7/15,70544,400,452250,0.114215327
2014/7/16,40656,0,252477,0.067775434
2014/7/17,52294,0,344135,0.09425901
2014/7/18,62412,0,323287,0.124723298
2014/7/21,38620,0,185422,0.078853109
2014/7/22,29887,0,216980,0.062842212
2014/7/23,165870,0,462665,0.347680453
2014/7/24,330047,0,879124,0.663885494
2014/7/25,96735,0,924029,0.19230768
2014/7/28,48331,0,337150,0.097656429
2014/7/29,34975,0,136751,0.071784845
2014/7/30,55655,0,170238,0.114895332
2014/7/31,41521,0,229121,0.08560332
2014/8/1,214446,0,421738,0.437405039
2014/8/4,89895,0,218353,0.184866445
2014/8/5,111952,0,193653,0.231856156
2014/8/6,65582,700,344677,0.135970587
2014/8/7,66858,0,230770,0.138707625
2014/8/8,163747,0,664282,0.32942129
2014/8/11,896020,0,2586425,1.673686383
2014/8/12,787753,2100,2201844,1.474851514
2014/8/13,265724,2560,504894,0.512161007
2014/8/14,355774,7100,993811,0.685488955
2014/8/15,257840,0,639578,0.485554972
2014/8/18,243870,0,630599,0.453721561
2014/8/19,232759,0,432306,0.431208254
2014/8/20,48740,0,164117,0.090705013
2014/8/21,93832,0,204339,0.175310096
2014/8/22,121655,0,301243,0.227528814
2014/8/25,124806,0,219636,0.235989223
2014/8/26,73408,0,123914,0.141736559
2014/8/27,287982,0,436880,0.54951542
2014/8/28,101528,0,139137,0.196290988
2014/8/29,52992,0,169907,0.103475862
2014/9/2,132238,0,223426,0.257579949
2014/9/3,169946,0,329757,0.328623204
2014/9/4,109414,0,187560,0.215392363
2014/9/5,70688,0,102769,0.146626155
2014/9/8,38281,0,88079,0.084276354
2014/9/9,72023,0,169952,0.160529656
2014/9/10,243982,0,396554,0.533505487
2014/9/11,145701,0,203558,0.317826544
2014/9/12,122472,0,197180,0.267777611
2014/9/15,154829,0,277689,0.34211593
2014/9/16,140068,400,304265,0.307553334
2014/9/17,127480,0,194546,0.279895027
2014/9/18,45249,0,116671,0.101034647
2014/9/19,171117,0,298319,0.380168844
2014/9/22,99731,0,195962,0.229531956
2014/9/23,80826,0,124472,0.229337771
2014/9/24,57061,0,76892,0.202631104
2014/9/25,162055,0,326580,0.587887248
2014/9/26,78259,0,167892,0.315400283
2014/9/29,33995,0,60050,0.148574112
2014/9/30,108323,0,142253,0.509682939
2014/10/1,321818,0,476840,1.503719605
2014/10/2,169962,0,400888,0.765915451
2014/10/3,68082,0,207690,0.306649845
2014/10/6,93596,0,197785,0.428219596
2014/10/7,118241,0,249771,0.538500355
2014/10/8,74060,0,212928,0.332791512
2014/10/9,142623,0,212640,0.663155927
2014/10/10,201877,0,330439,0.911639883
2014/10/13,143242,0,282137,0.636108654
2014/10/14,170567,0,395126,0.738679048
2014/10/15,480940,0,798499,1.950814942
2014/10/16,122174,0,185043,0.495737522
2014/10/17,136422,0,216511,0.545163843
2014/10/20,123398,0,300435,0.479552804
2014/10/21,63631,0,118137,0.248955626
2014/10/22,53520,0,102133,0.217757754
2014/10/23,26433,100,87508,0.109268196
2014/10/24,21249,0,79914,0.089281325
2014/10/27,55570,0,119409,0.238780189
2014/10/28,206071,0,332828,0.881864081
2014/10/29,112053,0,156538,0.482135712
2014/10/30,62788,0,160947,0.268456108
2014/10/31,146919,0,219319,0.635319361
2014/11/3,51400,0,106314,0.22517793
2014/11/4,288296,0,392922,1.215350302
2014/11/5,142853,0,224385,0.589987887
2014/11/6,113016,900,225053,0.473376416
2014/11/7,60314,100,83321,0.255648571
2014/11/10,32355,0,78119,0.13679157
2014/11/11,29507,0,145553,0.124692709
2014/11/12,53807,0,114513,0.239610617
2014/11/13,101898,0,201607,0.467599048
2014/11/14,23928,0,74963,0.112078494
2014/11/17,57876,0,96207,0.275459253
2014/11/18,101703,0,211455,0.487013127
2014/11/19,117528,0,178559,0.56589692
2014/11/20,116120,0,209666,0.559384414
2014/11/24,42425,0,134237,0.211022128
2014/11/25,42519,0,69578,0.21921534
2014/11/26,66875,0,116443,0.362131407
2014/11/28,28725,100,129333,0.176916207
2014/12/1,92445,600,175659,0.570464332
2014/12/2,69400,0,152571,0.433964632
2014/12/3,65944,0,113749,0.429049174
2014/12/4,177793,0,322146,1.107756282
2014/12/5,94179,0,163446,0.579413083
2014/12/8,34282,0,104507,0.210178856
2014/12/9,75661,0,158228,0.456561552
2014/12/10,25499,0,35515,0.156509805
2014/12/11,33204,0,67444,0.215503244
2014/12/12,67697,0,99871,0.444825796
2014/12/15,128700,0,206664,0.837282469
2014/12/16,37420,0,83067,0.25085501
2014/12/17,146951,0,253316,0.953794349
2014/12/18,115693,0,179929,0.787187147
2014/12/19,69365,0,119001,0.483523556
2014/12/22,71871,0,113838,0.514282034
2014/12/23,81838,0,110417,0.581841743
2014/12/24,57084,0,86114,0.40508128
2014/12/26,50703,0,66092,0.366692502
2014/12/29,118953,0,166381,0.849663679
2014/12/30,91097,0,158481,0.657443076
2014/12/31,133048,0,171368,0.938437658
2015/1/2,221821,0,383578,1.465566737
2015/1/5,111612,0,163522,0.745285707
2015/1/6,97092,0,156676,0.651502168
2015/1/7,69880,0,120506,0.478446951
2015/1/8,68962,300,125846,0.47306762
2015/1/9,71715,400,95096,0.489098855
2015/1/12,176872,0,265906,1.166633357
2015/1/13,160865,0,251815,1.03322829
2015/1/14,85429,0,177323,0.548511016
2015/1/15,110390,0,184593,0.703952759
2015/1/16,99107,0,212620,0.618992419
2015/1/20,40719,0,108450,0.26615987
2015/1/21,86636,0,169808,0.565512584
2015/1/22,39862,0,228135,0.253381643
2015/1/23,63576,0,173140,0.402846165
2015/1/26,48377,0,145090,0.299604446
2015/1/27,53340,0,161009,0.324081162
2015/1/28,44774,100,137329,0.269988
2015/1/29,36810,0,168138,0.223697196
2015/1/30,36613,0,149619,0.219540304
2015/2/2,60825,0,117058,0.374932349
2015/2/3,181276,0,303356,1.089769062
2015/2/4,66219,200,333389,0.381688219
2015/2/5,180958,200,720469,0.934165777
2015/2/6,51231,0,236133,0.258871424
2015/2/9,172745,200,453481,0.822020215
2015/2/10,120125,0,384546,0.544137949
2015/2/11,41683,0,283455,0.18553443
2015/2/12,61282,0,231002,0.269867431
2015/2/13,89946,0,328006,0.387192367
2015/2/17,34618,0,195729,0.153148869
2015/2/18,99193,0,235414,0.434223043
2015/2/19,45834,0,149673,0.2008462
2015/2/20,119773,0,322325,0.509820369
2015/2/23,52484,0,358545,0.216260851
2015/2/24,102309,0,278691,0.4111962
2015/2/25,75935,0,323377,0.30286299
2015/2/26,57371,0,322476,0.226691792
2015/2/27,85603,0,260142,0.334595928
2015/3/2,37050,0,218033,0.144188896
2015/3/3,213481,200,803358,0.771676087
2015/3/4,59268,0,214106,0.211544703
2015/3/5,49274,0,169010,0.175889915
2015/3/6,101582,0,351974,0.357344502
2015/3/9,114115,0,286931,0.396147174
2015/3/10,116885,0,184344,0.403928388
2015/3/11,125578,0,181375,0.432953735
2015/3/12,87003,0,140034,0.299865961
2015/3/13,22533,0,131014,0.077995261
2015/3/16,24349,0,53179,0.08522949
2015/3/17,35835,0,61337,0.126255093
2015/3/18,23306,0,104760,0.084073365
2015/3/19,21015,0,42314,0.078558467
2015/3/20,111521,0,244299,0.443184803
2015/3/23,58090,0,89859,0.235411275
2015/3/24,37218,0,46403,0.159603506
2015/3/25,151109,0,231068,0.662542477
2015/3/26,42249,0,134861,0.1893544
2015/3/27,39153,0,172347,0.177029816
2015/3/30,54091,0,111607,0.252817404
2015/3/31,26083,0,46216,0.124817517
2015/4/1,38559,0,161693,0.186715813
2015/4/2,57343,0,111420,0.279399483
2015/4/6,40852,0,104140,0.206360996
2015/4/7,55074,0,116677,0.290013507
2015/4/8,60911,0,140968,0.328696557
2015/4/9,108330,0,170545,0.601110887
2015/4/10,35610,0,73188,0.207147209
2015/4/13,34630,0,88113,0.208397983
2015/4/14,19689,0,40774,0.122853695
2015/4/15,19280,0,77449,0.141695074
2015/4/16,27404,0,42213,0.210254847
2015/4/17,73329,0,146110,0.565924884
2015/4/20,59564,0,211830,0.47688486
2015/4/21,31932,0,158370,0.264739021
2015/4/22,71086,0,124216,0.599312215
2015/4/23,95533,0,115513,0.820608747
2015/4/24,171177,0,254413,1.423747732
2015/4/27,126188,0,214865,1.025711055
2015/4/28,139593,0,180875,1.096727121
2015/4/29,66758,0,87425,0.520932202
2015/4/30,393737,0,495309,2.789111422
2015/5/1,136953,0,213097,0.932527861
2015/5/4,182979,0,280681,1.235719777
2015/5/5,156209,0,196501,1.030201454
2015/5/6,263997,0,334028,1.637525142
2015/5/7,112890,0,194582,0.705558678
2015/5/8,374376,960,977569,1.990396854
2015/5/11,316829,100,546838,1.579610202
2015/5/12,105552,0,241919,0.515094094
2015/5/13,45593,0,73633,0.221506104
2015/5/14,44261,0,54676,0.218827255
2015/5/15,153176,0,325112,0.731542726
2015/5/18,246526,0,423415,1.120419264
2015/5/19,308650,0,467273,1.332014673
2015/5/20,154010,0,256658,0.653767622
2015/5/21,93565,0,222044,0.394307154
2015/5/22,32171,0,76370,0.135516355
2015/5/26,83135,0,189499,0.345280529
2015/5/27,122757,0,310980,0.491456353
2015/5/28,127030,0,197472,0.500546005
2015/5/29,109153,1900,245321,0.418927988
2015/6/1,89041,0,154313,0.341380102
2015/6/2,60941,0,152117,0.235442398
2015/6/3,122315,0,243118,0.467455864
2015/6/4,206273,0,471855,0.754890136
2015/6/5,297486,0,547578,1.034190019
2015/6/8,496805,0,1284535,1.542927296
2015/6/9,275099,26793,850243,0.80164557
2015/6/10,217395,10992,643958,0.606225865
2015/6/11,148550,6289,586192,0.395891013
2015/6/12,97311,0,206560,0.266164618
2015/6/15,116853,0,325581,0.316371258
2015/6/16,41807,0,89092,0.115181037
2015/6/17,54095,0,149063,0.149687398
2015/6/18,57766,0,89173,0.163538991
2015/6/19,54324,0,117823,0.154916644
2015/6/22,104935,0,212500,0.322714374
2015/6/23,48728,0,104549,0.156974051
2015/6/24,56923,0,97823,0.186255675
2015/6/25,66809,0,111906,0.217694554
2015/6/26,53194,0,152193,0.171513951
2015/6/29,58411,0,112661,0.192736034
2015/6/30,121142,0,178774,0.410779698
2015/7/1,80758,0,127833,0.284767455
2015/7/2,125765,0,266196,0.442973742
2015/7/6,49250,0,97323,0.176047926
2015/7/7,67464,0,122697,0.23983141
2015/7/8,79067,0,137037,0.282837849
2015/7/9,34769,0,111628,0.127403869
2015/7/10,26975,0,43048,0.100744582
2015/7/13,66916,0,87110,0.254934961
2015/7/14,27993,0,49075,0.10809164
2015/7/15,86558,0,145332,0.334525568
2015/7/16,65674,0,160030,0.256560175
2015/7/17,36018,0,99953,0.147867948
2015/7/20,232710,0,362338,0.980213209
2015/7/21,120785,0,166501,0.603503352
2015/7/22,28960,0,50064,0.166948084
2015/7/23,42432,0,111181,0.272510316
2015/7/24,109646,0,155107,0.775769542
2015/7/27,221355,0,330146,1.521780529
2015/7/28,133923,0,177660,0.953004116
2015/7/29,1664241,0,1809217,8.411005096
2015/7/30,170191,1400,387924,0.82686538
2015/7/31,53447,0,133097,0.257835769
2015/8/3,62048,0,242240,0.293457045
2015/8/4,84559,0,129606,0.405218706
2015/8/5,39543,0,77187,0.190327532
2015/8/6,114234,0,160510,0.544353859
2015/8/7,131407,0,307037,0.607362374
2015/8/10,195243,0,440082,0.864086269
2015/8/11,173558,0,309337,0.746457126
2015/8/12,159555,0,267261,0.677635145
2015/8/13,63407,0,120108,0.269586362
2015/8/14,41915,0,105651,0.182358403
2015/8/17,37273,0,87957,0.162383147
2015/8/18,58257,0,150545,0.252779554
2015/8/19,83567,0,154841,0.361669374
2015/8/20,68330,0,218702,0.291226674
2015/8/21,136007,0,214532,0.565883869
2015/8/24,90237,3274,181433,0.370600716
2015/8/25,208954,34693,411613,0.817590064
2015/8/26,137604,0,269765,0.529815026
2015/8/27,115299,0,216972,0.440713572
2015/8/28,92213,0,182260,0.348812754
2015/8/31,49020,0,147461,0.190591054
2015/9/1,42195,0,119021,0.16507103
2015/9/2,50755,0,111497,0.196980576
2015/9/3,60437,0,105540,0.234727792
2015/9/4,23078,0,75379,0.090566115
2015/9/8,27722,0,194185,0.110760699
2015/9/9,76256,0,252457,0.30166876
2015/9/10,22205,1709,90416,0.113588
2015/9/11,27635,0,112540,0.14832986
2015/9/14,32716,0,82426,0.177208484
2015/9/15,25787,0,96035,0.143464193
2015/9/16,38512,0,249570,0.20959596
2015/9/17,23753,0,103711,0.128653199
2015/9/18,110925,10172,270532,0.589100538
2015/9/21,48834,0,157833,0.266383643
2015/9/22,136728,0,218756,0.777108543
2015/9/23,40785,0,96577,0.241542127
2015/9/24,61797,0,112619,0.377506601
2015/9/25,61748,0,118945,0.377296619
2015/9/28,54334,0,168118,0.327824211
2015/9/29,17048,0,90853,0.102799241
2015/9/30,68384,0,132596,0.413847779
2015/10/1,114805,0,190737,0.689784524
2015/10/2,57302,0,152620,0.348906099
2015/10/5,55453,0,104279,0.345376318
2015/10/6,37163,0,90360,0.235921952
2015/10/7,52021,200,101770,0.353417138
2015/10/8,54847,0,107346,0.386844817
2015/10/9,118528,0,236197,0.83223565
2015/10/12,25672,0,82321,0.184571274
2015/10/13,55162,0,87700,0.402354911
2015/10/14,84669,0,132337,0.615587705
2015/10/15,86385,100,179953,0.61781416
2015/10/16,109003,0,424133,0.724545072
2015/10/19,91714,0,262197,0.585393689
2015/10/20,125422,0,201497,0.79930221
2015/10/21,100752,0,160435,0.65488454
2015/10/22,133564,0,219937,0.844463459
2015/10/23,285633,0,413559,1.698191956
2015/10/26,70445,0,159550,0.412516082
2015/10/27,27676,0,168913,0.159793655
2015/10/28,35729,0,133567,0.211000191
2015/10/29,127538,15952,301680,0.724933719
2015/10/30,18049,420,55530,0.10694827
2015/11/2,135025,0,337346,0.772685862
2015/11/3,23755,0,89850,0.139365784
2015/11/4,152202,0,380449,0.845974928
2015/11/5,62173,6806,328900,0.33225828
2015/11/6,68484,7610,150583,0.363933762
2015/11/9,163400,16410,426672,0.830303257
2015/11/10,194190,17813,554685,0.914883068
2015/11/11,254647,26228,1027414,1.051895644
2015/11/12,436781,32849,1643198,1.503552849
2015/11/13,59524,800,490335,0.197258429
2015/11/16,39443,8565,208577,0.12922258
2015/11/17,42319,0,128361,0.138071898
2015/11/18,54698,0,146290,0.177600289
2015/11/19,11004,0,136068,0.035618436
2015/11/20,113356,0,230968,0.367124923
2015/11/23,139121,4717,280001,0.441155159
2015/11/24,7029,651,114608,0.022225869
2015/11/25,9630,0,90017,0.030586728
2015/11/27,6755,0,70964,0.021705638
2015/11/30,137065,0,416201,0.440801333
2015/12/1,66357,0,215126,0.214486556
2015/12/2,35585,0,139160,0.115799597
2015/12/3,86194,0,172747,0.280115729
2015/12/4,218742,0,309586,0.704036786
2015/12/7,29308,0,126069,0.097331961
2015/12/8,107239,27917,228783,0.35343232
2015/12/9,229847,33342,378494,0.74046826
2015/12/10,153301,0,306459,0.484867826
2015/12/11,99775,7042,212557,0.318566479
2015/12/14,168414,8300,360478,0.520817248
2015/12/15,81351,500,263339,0.253510488
2015/12/16,25122,0,147064,0.077824049
2015/12/17,87048,0,243963,0.273516033
2015/12/18,118755,0,252448,0.376155541
2015/12/21,47780,0,221257,0.150221827
2015/12/22,39294,0,209888,0.12641359
2015/12/23,26698,0,102337,0.090269575
2015/12/24,86137,0,128934,0.324055711
2015/12/28,13600,0,73885,0.063700592
2015/12/29,26403,0,109680,0.131482299
2015/12/30,15162,0,84194,0.077095882
2015/12/31,173062,0,263256,0.860317149
2016/1/4,55422,0,139495,0.275821637
2016/1/5,582679,37740,1824133,2.265443733
2016/1/6,558749,1600,1604212,1.844191022
2016/1/7,54878,3708,168924,0.183369647
2016/1/8,194321,8400,259933,0.638962785
2016/1/11,44214,0,192942,0.143761865
2016/1/12,50361,0,256883,0.160514392
2016/1/13,195915,0,775756,0.601459356
2016/1/14,218769,0,356320,0.662055228
2016/1/15,265311,0,562738,0.770002846
2016/1/19,17265,865,116419,0.050382153
2016/1/20,4089,650,38020,0.012256141
2016/1/21,51520,600,228590,0.152857458
2016/1/22,39969,0,78745,0.120372323
2016/1/25,47683,0,77080,0.148084939
2016/1/26,113235,0,371977,0.349294999
2016/1/27,214326,0,582624,0.636894763
2016/1/28,47366,300,141532,0.143873864
2016/1/29,15302,0,100156,0.047260558
2016/2/1,68817,0,264723,0.20999906
2016/2/2,66464,0,232464,0.203056252
2016/2/3,50790,0,265896,0.154957905
2016/2/4,77933,2900,113206,0.240411717
2016/2/5,5902,450,79879,0.01845349
2016/2/8,28560,0,81726,0.089489365
2016/2/9,39272,0,132514,0.123008149
2016/2/10,20516,0,60998,0.064346998
2016/2/11,27744,0,76838,0.087316921
2016/2/12,13200,0,61167,0.041644118
2016/2/16,15571,0,25927,0.050381711
2016/2/17,16710,0,53303,0.054574403
2016/2/18,15426,0,17776,0.062713537
2016/2/19,26767,0,50420,0.13784453
2016/2/22,51419,0,124552,0.266829657
2016/2/23,15150,0,1088637,0.068761453
2016/2/24,9286,0,1121965,0.036952679
2016/2/25,119887,0,345227,0.471552049
2016/2/26,5887,0,127588,0.025305892
2016/2/29,13164,0,95441,0.058784233
2016/3/1,88527,0,779726,0.382951057
2016/3/2,26173,0,108500,0.113348877
2016/3/3,23879,0,92731,0.102603758
2016/3/4,42503,0,588454,0.173676055
2016/3/7,214448,0,377575,0.842006952
2016/3/8,15494,102,279862,0.059262686
2016/3/9,18850,300,188880,0.073822299
2016/3/10,52059,0,107747,0.217352942
2016/3/11,57119,0,128720,0.238905066
2016/3/14,201512,0,268731,0.823486928
2016/3/15,187234,7110,303841,0.761083811
2016/3/16,136818,17542,280807,0.552529577
2016/3/17,250670,0,521498,0.978639906
2016/3/18,324996,0,593667,1.194150867
2016/3/21,249222,0,623141,0.858600735
2016/3/22,32611,0,121184,0.111842159
2016/3/23,123592,0,228688,0.419259552
2016/3/24,50419,0,118651,0.169927934
2016/3/28,203691,11539,574683,0.650140668
2016/3/29,100718,12663,412363,0.30989248
2016/3/30,49780,0,308574,0.148849808
2016/3/31,53040,0,236306,0.155756668
2016/4/1,8291,0,133057,0.024075578
2016/4/4,39074,0,211698,0.111719864
2016/4/5,12456,0,158529,0.035499077
2016/4/6,40388,8527,542879,0.121398141
2016/4/7,15432,253,188757,0.051169908
2016/4/8,28575,2604,273430,0.095507786
2016/4/11,66039,4901,366970,0.214991932
2016/4/12,153492,0,408587,0.483275183
2016/4/13,134054,3810,303628,0.444272944
2016/4/14,87500,7204,183554,0.287602145
2016/4/15,25849,0,90292,0.084985314
2016/4/18,37797,0,105675,0.131209606
2016/4/19,32918,0,127409,0.117679051
2016/4/20,13668,0,61586,0.050166807
2016/4/21,5801,0,31682,0.021709425
2016/4/22,11693,0,39660,0.04413426
2016/4/25,62275,0,93659,0.236093275
2016/4/26,58653,0,119231,0.226643633
2016/4/27,14332,1600,94011,0.056919274
2016/4/28,48352,12831,169717,0.194895285
2016/4/29,7796,4100,55315,0.033523575
2016/5/2,30667,0,155820,0.140701506
2016/5/3,29990,0,70970,0.150286517
2016/5/4,34859,0,48393,0.176836315
2016/5/5,27811,0,69519,0.144984756
2016/5/6,34986,0,75764,0.183759072
2016/5/9,31448,0,155834,0.178247374
2016/5/10,256919,103459,3473562,0.922612792
2016/5/11,35290,5713,96724,0.130025995
2016/5/12,68495,0,121615,0.25597547
2016/5/13,67281,0,209279,0.249073608
2016/5/16,165782,0,418210,0.598472178
2016/5/17,135031,100,553744,0.465331247
2016/5/18,136943,0,186314,0.492074954
2016/5/19,20713,0,51457,0.075672118
2016/5/20,56755,0,989180,0.190722656
2016/5/23,287598,0,397269,0.96319128
2016/5/24,123619,0,378203,0.415420112
2016/5/25,79436,0,289813,0.267357427
2016/5/26,92485,0,283660,0.307819313
2016/5/27,76500,0,142037,0.253162826
2016/5/31,38315,0,84976,0.127086698
2016/6/1,72214,0,135906,0.23930119
2016/6/2,67056,0,194497,0.218993621
2016/6/3,30289,0,153784,0.097621185
2016/6/6,36665,0,102501,0.117378532
2016/6/7,32562,0,95446,0.104223402
2016/6/8,35232,0,159763,0.112283887
2016/6/9,190253,0,428922,0.585502299
2016/6/10,330231,0,439635,0.988901901
2016/6/13,67040,0,192588,0.198042713
2016/6/14,89460,0,173842,0.263805429
2016/6/15,33786,0,78783,0.099553885
2016/6/16,65925,0,490641,0.18616802
2016/6/17,264225,0,395350,0.723950456
2016/6/20,30377,0,52737,0.083405392
2016/6/21,35564,0,80786,0.098322549
2016/6/22,354581,0,767864,1.305923031
2016/6/23,260562,100,438745,0.920979878
2016/6/24,353158,8750,500839,1.194881429
2016/6/27,47235,7680,73321,0.162304473
2016/6/28,39294,0,74877,0.140545194
2016/6/29,42189,0,102394,0.159482015
2016/6/30,47707,0,80202,0.18278502
2016/7/1,77685,0,121176,0.295016151
2016/7/5,14084,0,48739,0.060713038
2016/7/6,38853,0,60011,0.176016809
2016/7/7,27013,0,120292,0.127337182
2016/7/8,37106,0,61196,0.18143235
2016/7/11,15000,0,61751,0.076095766
2016/7/12,63682,0,104909,0.32510317
2016/7/13,38456,1900,106059,0.195620016
2016/7/14,22988,0,100817,0.117636483
2016/7/15,58975,0,108004,0.306311974
2016/7/18,84439,0,141454,0.439508408
2016/7/19,55066,0,132197,0.285151571
2016/7/20,6687,0,48134,0.034912813
2016/7/21,42171,0,92740,0.222773179
2016/7/22,971,0,34106,0.005512672
2016/7/25,22652,0,47676,0.138905979
2016/7/26,8360,0,41912,0.052894051
2016/7/27,1322,0,20349,0.008644175
2016/7/28,47163,4900,67924,0.309116792
2016/7/29,18741,0,39655,0.136258015
2016/8/1,13570,0,55942,0.10750479
2016/8/2,15812,0,68499,0.12474721
2016/8/3,14071,3600,43646,0.112106718
2016/8/4,8470,0,22969,0.08412417
2016/8/5,52952,1601,90898,0.594367917
2016/8/8,19945,0,79737,0.265746012
2016/8/9,96022,11900,230064,1.196123952
2016/8/10,12827,0,42778,0.161941395
2016/8/11,43122,0,65907,0.552906879
2016/8/12,7810,0,31809,0.10225413
2016/8/15,18564,0,69488,0.248662521
2016/8/16,25906,300,55646,0.345940855
2016/8/18,2887,1000,13500,0.039367144
2016/8/19,12153,0,27785,0.172992255
2016/8/22,32748,0,72518,0.463661579
2016/8/23,63767,400,78232,0.895874876
2016/8/24,186679,5815,263941,2.4409014
2016/8/25,123361,200,202988,1.547612924
2016/8/26,76879,0,144614,0.947130974
2016/8/29,81862,2100,195659,0.973478724
2016/8/30,93833,3000,239765,1.073981774
2016/8/31,231580,0,981094,2.00214699
2016/9/1,229445,0,318351,1.840373435
2016/9/2,77699,6702,223601,0.602153988
2016/9/6,69685,400,132207,0.52669914
2016/9/7,122877,0,148936,0.905635152
2016/9/8,37939,0,206310,0.268765178
2016/9/9,53464,150,133810,0.368863685
2016/9/12,11232,0,23313,0.078296112
2016/9/13,29359,0,103347,0.201671309
2016/9/14,500,0,110227,0.003392407
2016/9/15,47446,1300,86461,0.320609893
2016/9/16,47727,100,66486,0.320858024
2016/9/19,18640,0,42033,0.12477951
2016/9/20,48487,0,82267,0.325207015
2016/9/21,278705,0,344658,1.764776652
2016/9/22,44799,0,149696,0.288564909
2016/9/23,256834,400,562806,1.488186764
2016/9/26,37382,0,115736,0.214539711
2016/9/27,193154,5400,433741,1.029383133
2016/9/28,129200,0,152603,0.678532109
2016/9/29,37271,0,55963,0.195728846
2016/9/30,17827,0,138322,0.091616745
2016/10/3,15609,0,41866,0.080024937
2016/10/4,27943,0,76207,0.143169195
2016/10/5,24010,0,42086,0.123782156
2016/10/6,12134,0,29178,0.065185964
2016/10/7,21233,0,65407,0.116948639
2016/10/10,9751,0,53871,0.05461718
2016/10/11,55369,0,85390,0.316651346
2016/10/12,59618,0,86259,0.351229088
2016/10/13,23610,0,65442,0.169588515
2016/10/14,58500,1300,215016,0.430860407
2016/10/17,59325,0,344405,0.424351265
2016/10/18,63445,0,207025,0.445867721
2016/10/19,16134,0,56839,0.115883805
2016/10/20,183095,0,360711,1.268213608
2016/10/21,166196,0,565524,1.046819312
2016/10/24,94550,200,201975,0.574010527
2016/10/25,20800,0,66700,0.127219719
2016/10/26,55550,0,236534,0.331232645
2016/10/27,4055,0,116442,0.024035859
2016/10/28,183501,0,522732,0.997751853
2016/10/31,58899,0,204416,0.311096291
2016/11/1,142016,0,404172,0.709876266
2016/11/2,51847,0,154847,0.267624539
2016/11/3,18411,0,107674,0.095726278
2016/11/4,14004,0,90179,0.079308896
2016/11/7,7704,0,30142,0.044346647
2016/11/8,73564,0,132487,0.449436646
2016/11/9,284113,0,628506,1.58241522
2016/11/10,699118,5000,1614367,3.020069489
2016/11/11,157179,300,234925,0.669670931
2016/11/14,104812,0,386621,0.425714374
2016/11/15,166490,0,297715,0.65654195
2016/11/16,24351,0,54377,0.095871614
2016/11/17,70780,1300,88507,0.276512926
2016/11/18,17500,0,83698,0.06820398
2016/11/21,23300,0,114176,0.090102829
2016/11/22,16211,1700,99603,0.062574498
2016/11/23,26163,1100,91709,0.100918474
2016/11/25,7349,0,15789,0.028529417
2016/11/28,20537,0,65798,0.081296071
2016/11/29,40069,0,151580,0.162754865
2016/11/30,30604,500,78747,0.126506512
2016/12/1,45777,0,183542,0.18597965
2016/12/2,226696,140,323880,0.92562176
2016/12/5,77824,0,110713,0.338730801
2016/12/6,87289,0,253257,0.377121576
2016/12/7,137863,0,228786,0.582034334
2016/12/8,165458,0,275143,0.694760887
2016/12/9,86730,0,174878,0.361226195
2016/12/12,119188,0,296703,0.512494236
2016/12/13,112340,0,195788,0.48364675
2016/12/14,65348,162,96878,0.294315506
2016/12/15,35238,0,74004,0.160655375
2016/12/16,103463,1790,296239,0.458562654
2016/12/19,355473,0,853559,1.415829042
2016/12/20,320920,0,772331,1.163553777
2016/12/21,86538,0,312392,0.30708247
2016/12/22,153183,8305,481149,0.553216657
2016/12/23,137570,0,434017,0.57911986
2016/12/27,137260,978,222133,0.578853909
2016/12/28,89642,0,175727,0.389588716
2016/12/29,448207,400,531235,1.884189062
2016/12/30,208264,0,652697,0.807782322
2017/1/3,81184,0,142962,0.312682587
2017/1/4,94995,0,167690,0.361972818
2017/1/5,62672,129,94796,0.239397229
2017/1/6,74041,0,127492,0.281824256
2017/1/9,44863,0,72526,0.171179881
2017/1/10,20712,1000,50525,0.07868138
2017/1/11,61599,0,114831,0.232560217
2017/1/12,54111,0,128524,0.204884576
2017/1/13,362224,1548,471809,1.306692018
2017/1/17,72588,100,246599,0.259884431
2017/1/18,30862,0,160679,0.112689023
2017/1/19,75468,0,210019,0.272271774
2017/1/20,56650,300,114942,0.207837714
2017/1/23,148798,100,276233,0.542761262
2017/1/24,45010,58,127944,0.167172178
2017/1/25,9204,0,97224,0.034516523
2017/1/26,64533,8692,140083,0.246842195
2017/1/27,224926,0,354854,0.843251884
2017/1/30,21362,0,90802,0.080147403
2017/1/31,171538,500,406880,0.617866024
2017/2/1,197394,200,334768,0.707723359
2017/2/2,393257,13850,1085042,1.372001435
2017/2/3,173236,18472,357749,0.635004264
2017/2/6,83770,2075,215366,0.310746594
2017/2/7,100886,900,374268,0.379250906
2017/2/8,158805,12975,279986,0.608729318
2017/2/9,108969,0,200828,0.418838756
2017/2/10,27331,0,68052,0.106520314
2017/2/13,93801,3900,142820,0.38500942
2017/2/14,93208,3087,132164,0.411910984
2017/2/15,9749,0,93373,0.043400464
2017/2/16,49502,0,67316,0.223704352
2017/2/17,18126,0,67220,0.08225484
2017/2/22,16976,0,118516,0.077140938
2017/2/23,66775,600,119272,0.301300046
2017/2/24,31222,0,48994,0.14091137
2017/2/27,48892,1071,82313,0.221744528
2017/2/28,7801,0,17719,0.035983391
2017/3/1,16622,0,31092,0.082244826
2017/3/2,110033,336,198188,0.548819843
2017/3/3,192188,4100,215118,0.949992132
2017/3/6,277922,2934,327913,1.347601009
2017/3/7,76514,1103,245863,0.36331664
2017/3/8,21103,0,46171,0.103991558
2017/3/9,9479,0,12251,0.047615579
2017/3/10,3515,0,22915,0.017879257
2017/3/13,10442,0,16295,0.054252536
2017/3/14,27254,0,40835,0.149744812
2017/3/15,7132,0,13916,0.039745854
2017/3/16,12795,0,21150,0.076808819
2017/3/17,89347,12220,170074,0.554631197
2017/3/20,16965,0,43800,0.134233162
2017/3/21,35157,0,56441,0.302189341
2017/3/22,20825,0,41879,0.188362556
2017/3/23,3945,360,16191,0.040001149
2017/3/24,23416,9500,63884,0.256139968
2017/3/27,14856,2967,38637,0.172719282
2017/3/28,55633,9476,92914,0.640629594
2017/3/29,48839,5505,71260,0.578278816
2017/3/30,41965,1900,74396,0.508480532
2017/3/31,138460,5,197767,1.609812812
2017/4/3,88403,5188,168045,0.98920601
2017/4/4,23324,705,28985,0.264765245
2017/4/5,56954,400,72534,0.657968309
2017/4/6,26455,899,71387,0.311366312
2017/4/7,149540,4470,271741,1.618588622
2017/4/10,85430,2800,138339,0.906354988
2017/4/11,48304,0,133688,0.492283609
2017/4/12,45488,0,63186,0.458584907
2017/4/13,14786,4980,25712,0.158235671
2017/4/17,31704,157,48735,0.360695725
2017/4/18,20152,1738,41752,0.257178262
2017/4/19,139456,7110,192032,1.821436781
2017/4/20,44306,1000,64505,0.574098821
2017/4/21,123928,7100,381174,1.385099075
2017/4/24,31136,2870,71155,0.34185219
2017/4/25,13638,0,40061,0.148444856
2017/4/26,60411,405,85663,0.647028939
2017/4/27,35687,0,48201,0.377601852
2017/4/28,14319,0,52140,0.14987032
2017/5/1,11804,0,32261,0.129787261
2017/5/2,30031,300,72471,0.326762989
2017/5/3,63712,433,100003,0.682458444
2017/5/4,35025,334,48793,0.374250431
2017/5/5,26568,0,118224,0.273930325
2017/5/8,439645,10102,852855,3.566023075
2017/5/9,434941,19287,615542,3.051845611
2017/5/10,1024349,22893,1645635,5.272682569
2017/5/11,381432,17445,745171,1.759872461
2017/5/12,198996,13277,347992,0.881065695
2017/5/15,133655,6797,209385,0.590751907
2017/5/16,400393,38222,621490,1.658900963
2017/5/17,138811,1452,230142,0.559573683
2017/5/18,150209,3955,239367,0.592244351
2017/5/19,175249,1115,226903,0.677132235
2017/5/22,313216,18546,624884,1.157563923
2017/5/23,88619,6817,215740,0.32441913
2017/5/24,88137,48,127751,0.322888535
2017/5/25,236045,1400,498831,0.821067021
2017/5/26,125768,4903,312327,0.423404968
2017/5/30,285149,1574,492402,0.914442046
2017/5/31,106161,5326,227214,0.333828635
2017/6/1,216255,9472,303564,0.672166754
2017/6/2,141834,9673,266428,0.431816496
2017/6/5,117972,2297,167786,0.367118271
2017/6/6,33536,301,67303,0.104402737
2017/6/7,89594,136,183439,0.274830834
2017/6/8,48204,0,129563,0.147205661
2017/6/9,54102,2850,83414,0.16462691
2017/6/12,109055,27352,144743,0.32875542
2017/6/13,64048,6436,95159,0.191865392
2017/6/14,70056,12753,217652,0.206864335
2017/6/15,33948,7497,86758,0.100373953
2017/6/16,24151,1902,176877,0.070517019
2017/6/19,43102,2763,69733,0.126447651
2017/6/20,45756,900,69290,0.145372749
2017/6/21,57729,655,151433,0.192893459
2017/6/22,25514,150,53940,0.10362164
2017/6/23,102931,12046,188177,0.452133458
2017/6/26,50652,500,77959,0.231652462
2017/6/27,60823,978,97472,0.282996789
2017/6/28,61221,0,94165,0.310219755
2017/6/29,89112,5075,148649,0.457851559
2017/6/30,24125,8721,37067,0.12840135
2017/7/3,80121,0,181160,0.429919798
2017/7/5,73538,1620,105075,0.435044195
2017/7/6,19900,60,156144,0.119126604
2017/7/7,23864,0,63064,0.144724213
2017/7/10,16067,0,33763,0.107550226
2017/7/11,14818,2287,53902,0.105259045
2017/7/12,32993,1363,73462,0.260172881
2017/7/13,74074,3800,213578,0.586226518
2017/7/14,85060,4108,181425,0.695582487
2017/7/17,62243,500,117134,0.530587739
2017/7/18,91431,310,221638,0.767652971
2017/7/19,83612,1351,124547,0.690935554
2017/7/20,69625,1102,100143,0.588863648
2017/7/21,52240,5860,112810,0.443924128
2017/7/24,55150,12607,95006,0.467118869
2017/7/25,50774,3980,80064,0.438053563
2017/7/26,27214,5584,67134,0.236696924
2017/7/27,46413,5509,84722,0.419863637
2017/7/28,37028,1039,101822,0.333449903
2017/7/31,13033,427,20485,0.123147892
2017/8/1,10009,1987,40043,0.095467071
2017/8/2,79307,18415,113463,0.745963406
2017/8/3,37585,5966,137955,0.355025617
2017/8/4,41548,3422,126562,0.383686461
2017/8/7,61555,6225,132676,0.578327131
2017/8/8,42283,143,115863,0.392600665
2017/8/9,20147,216,73108,0.188487661
2017/8/10,24306,236,66213,0.229397325
2017/8/11,51053,1103,110213,0.487730082
2017/8/14,44297,460,96251,0.41535901
2017/8/15,19636,768,57410,0.191528689
2017/8/16,162521,13074,298746,1.491316612
2017/8/17,159084,15456,313761,1.392638321
2017/8/18,160011,3898,286757,1.314922578
2017/8/21,93159,6855,137080,0.744483245
2017/8/22,14139,836,51155,0.113075032
2017/8/23,18919,434,37244,0.152777598
2017/8/24,57270,1945,124338,0.473858228
2017/8/25,80443,10770,233473,0.656174752
2017/8/28,101977,399,192346,0.815157787
2017/8/29,101200,1531,191619,0.815469423
2017/8/30,248578,10324,527001,1.807637106
2017/8/31,660910,36354,1170894,3.815720446
2017/9/1,186536,13138,380591,1.024173704
2017/9/5,125987,3324,308465,0.665722699
2017/9/6,177783,21837,235925,0.914315445
2017/9/7,195420,2918,275079,0.970426699
2017/9/8,62862,3489,128192,0.309933226
2017/9/11,149750,0,278926,0.717441567
2017/9/12,92645,2100,319399,0.423633098
2017/9/13,217671,1190,462129,0.935169016
2017/9/14,71073,0,160714,0.303295053
2017/9/15,25750,65,101056,0.110464672
2017/9/18,68245,10,118425,0.293104601
2017/9/19,135511,16516,272559,0.570578077
2017/9/20,77525,1619,140883,0.325281904
2017/9/21,83402,7452,202252,0.343732244
2017/9/22,87961,6621,117351,0.359992601
2017/9/25,96323,2651,145446,0.392329502
2017/9/26,103620,3526,192049,0.416631764
2017/9/27,51209,221,81371,0.205240296
2017/9/28,225339,1280,392849,0.891921963
2017/9/29,70460,0,170998,0.284244099
